codigo_producto,descripcion,categoria
85048,15CM CHRISTMAS GLASS BALL 20 LIGHTS,NAVIDAD
79323P,PINK CHERRY LIGHTS,ILUMINACION
79323W, WHITE CHERRY LIGHTS,ILUMINACION
22041,"RECORD FRAME 7"" SINGLE SIZE ",OTROS_VARIOS
21232,STRAWBERRY CERAMIC TRINKET BOX,PAPELERIA_EMPAQUE
22064,PINK DOUGHNUT TRINKET POT ,OTROS_VARIOS
21871,SAVE THE PLANET MUG,COCINA_MESA
21523,FANCY FONT HOME SWEET HOME DOORMAT,TEXTIL_HOGAR
22350,CAT BOWL ,COCINA_MESA
22349,"DOG BOWL , CHASING BALL DESIGN",COCINA_MESA
22195,HEART MEASURING SPOONS LARGE,OTROS_VARIOS
22353,LUNCHBOX WITH CUTLERY FAIRY CAKES ,COCINA_MESA
48173C,DOOR MAT BLACK FLOCK ,OTROS_VARIOS
21755,LOVE BUILDING BLOCK WORD,OTROS_VARIOS
21754,HOME BUILDING BLOCK WORD,OTROS_VARIOS
84879,ASSORTED COLOUR BIRD ORNAMENT,JUGUETES_DECOR
22119, PEACE WOODEN BLOCK LETTERS,OTROS_VARIOS
22142,CHRISTMAS CRAFT WHITE FAIRY ,NAVIDAD
22296,HEART IVORY TRELLIS LARGE,OTROS_VARIOS
22295,HEART FILIGREE DOVE LARGE,OTROS_VARIOS
22109,FULL ENGLISH BREAKFAST PLATE,COCINA_MESA
22107,PIZZA PLATE IN BOX,COCINA_MESA
22194,BLACK DINER WALL CLOCK,OTROS_VARIOS
35004B,SET OF 3 BLACK FLYING DUCKS,OTROS_VARIOS
82582,AREA PATROLLED METAL SIGN,OTROS_VARIOS
21181,PLEASE ONE PERSON  METAL SIGN,OTROS_VARIOS
21756,BATH BUILDING BLOCK WORD,OTROS_VARIOS
21333,CLASSIC WHITE FRAME,OTROS_VARIOS
84596F,SMALL MARSHMALLOWS PINK BOWL,COCINA_MESA
84596L,BISCUITS SMALL BOWL LIGHT BLUE,COCINA_MESA
22111,SCOTTIE DOG HOT WATER BOTTLE,OTROS_VARIOS
22143,CHRISTMAS CRAFT HEART DECORATIONS,NAVIDAD
22145,CHRISTMAS CRAFT HEART STOCKING ,NAVIDAD
22130,PARTY CONE CHRISTMAS DECORATION ,NAVIDAD
21364,PEACE SMALL WOOD LETTERS,OTROS_VARIOS
21360,JOY LARGE WOOD LETTERS,OTROS_VARIOS
21351,CINAMMON & ORANGE WREATH,OTROS_VARIOS
21352,EUCALYPTUS & PINECONE  WREATH,OTROS_VARIOS
35400,WOODEN BOX ADVENT CALENDAR ,NAVIDAD
20695,FLORAL BLUE MONSTER,OTROS_VARIOS
37370,RETRO COFFEE MUGS ASSORTED,COCINA_MESA
10002,INFLATABLE POLITICAL GLOBE ,OTROS_VARIOS
84507B,STRIPES DESIGN MONKEY DOLL,JUGUETES_DECOR
20703,BLUE PADDED SOFT MOBILE,OTROS_VARIOS
21987,PACK OF 6 SKULL PAPER CUPS,COCINA_MESA
21989,PACK OF 20 SKULL PAPER NAPKINS,PAPELERIA_EMPAQUE
84970S,HANGING HEART ZINC T-LIGHT HOLDER,ILUMINACION
20971,PINK BLUE FELT CRAFT TRINKET BOX,PAPELERIA_EMPAQUE
22271,FELTCRAFT DOLL ROSIE,JUGUETES_DECOR
22272,FELTCRAFT DOLL MARIA,JUGUETES_DECOR
22274,FELTCRAFT DOLL EMILY,JUGUETES_DECOR
21912,VINTAGE SNAKES & LADDERS,OTROS_VARIOS
22112,CHOCOLATE HOT WATER BOTTLE,OTROS_VARIOS
21329,DINOSAURS  WRITING SET ,PAPELERIA_EMPAQUE
21252,SET OF MEADOW  FLOWER STICKERS,OTROS_VARIOS
21100,CHARLIE AND LOLA CHARLOTTE BAG,PAPELERIA_EMPAQUE
21033,JUMBO BAG CHARLIE AND LOLA TOYS,PAPELERIA_EMPAQUE
20711,JUMBO BAG TOYS ,PAPELERIA_EMPAQUE
21410,COUNTRY COTTAGE  DOORSTOP GREEN,OTROS_VARIOS
21411,GINGHAM HEART  DOORSTOP RED,OTROS_VARIOS
84031A,CHARLIE+LOLA RED HOT WATER BOTTLE ,OTROS_VARIOS
84031B,CHARLIE LOLA BLUE HOT WATER BOTTLE ,OTROS_VARIOS
84032A,CHARLIE+LOLA PINK HOT WATER BOTTLE,OTROS_VARIOS
84032B,CHARLIE + LOLA RED HOT WATER BOTTLE,OTROS_VARIOS
84519A,TOMATO CHARLIE+LOLA COASTER SET,OTROS_VARIOS
84519B,CARROT CHARLIE+LOLA COASTER SET,OTROS_VARIOS
85132A,CHARLIE + LOLA BISCUITS TINS,PAPELERIA_EMPAQUE
85132C,CHARLIE AND LOLA FIGURES TINS,PAPELERIA_EMPAQUE
85183A,CHARLIE & LOLA WASTEPAPER BIN BLUE,PAPELERIA_EMPAQUE
85183B,CHARLIE & LOLA WASTEPAPER BIN FLORA,PAPELERIA_EMPAQUE
22065,CHRISTMAS PUDDING TRINKET POT ,NAVIDAD
22138,BAKING SET 9 PIECE RETROSPOT ,COCINA_MESA
22139,RETRO SPOT TEA SET CERAMIC 11 PC ,OTROS_VARIOS
22352,LUNCHBOX WITH CUTLERY RETROSPOT ,PAPELERIA_EMPAQUE
85014A,BLACK/BLUE DOTS RUFFLED UMBRELLA,OTROS_VARIOS
85014B,RED/WHITE DOTS RUFFLED UMBRELLA,OTROS_VARIOS
16161P,WRAP ENGLISH ROSE ,PAPELERIA_EMPAQUE
16169N,WRAP BLUE RUSSIAN FOLKART,PAPELERIA_EMPAQUE
21491,SET OF THREE VINTAGE GIFT WRAPS,PAPELERIA_EMPAQUE
22333,RETRO SPORT PARTY BAG + STICKER SET,PAPELERIA_EMPAQUE
85216,ASSORTED CAKES FRIDGE MAGNETS,COCINA_MESA
21493, VINTAGE DESIGN GIFT TAGS,PAPELERIA_EMPAQUE
21731,RED TOADSTOOL LED NIGHT LIGHT,ILUMINACION
85232B,SET/3 RUSSIAN DOLL STACKING TINS,PAPELERIA_EMPAQUE
84691,PACK 20 DOLLY PEGS,JUGUETES_DECOR
20749,ASSORTED COLOUR MINI CASES,OTROS_VARIOS
POST,POSTAGE,OTROS_VARIOS
22321,BIRD DECORATION RED SPOT,JUGUETES_DECOR
84029E,RED WOOLLY HOTTIE WHITE HEART.,OTROS_VARIOS
21955,UNION JACK GUNS & ROSES  DOORMAT,TEXTIL_HOGAR
84899E,YELLOW + BROWN BEAR FELT PURSE KIT,OTROS_VARIOS
85123A,WHITE HANGING HEART T-LIGHT HOLDER,ILUMINACION
21582,KINGS CHOICE SMALL TUBE MATCHES,OTROS_VARIOS
21586,KINGS CHOICE GIANT TUBE MATCHES,OTROS_VARIOS
21590,KINGS CHOICE CIGAR BOX MATCHES ,PAPELERIA_EMPAQUE
22091,EMPIRE TISSUE BOX,PAPELERIA_EMPAQUE
84251J,"GREETING CARD, THE BLACK CAT",PAPELERIA_EMPAQUE
22024,RAINY LADIES BIRTHDAY CARD,PAPELERIA_EMPAQUE
22026,BANQUET BIRTHDAY  CARD  ,PAPELERIA_EMPAQUE
22029,SPACE BOY BIRTHDAY CARD,PAPELERIA_EMPAQUE
22025,RING OF ROSES BIRTHDAY CARD,PAPELERIA_EMPAQUE
22031,BOTANICAL LAVENDER BIRTHDAY CARD,PAPELERIA_EMPAQUE
21428,SET3 BOOK BOX GREEN GINGHAM FLOWER ,PAPELERIA_EMPAQUE
21430,SET/3 RED GINGHAM ROSE STORAGE BOX,PAPELERIA_EMPAQUE
21916,SET 12 RETRO WHITE CHALK STICKS,OTROS_VARIOS
21790,VINTAGE SNAP CARDS,PAPELERIA_EMPAQUE
21888,BINGO SET,OTROS_VARIOS
85178,VICTORIAN SEWING KIT,OTROS_VARIOS
20754,RETRO RED SPOTTY WASHING UP GLOVES,OTROS_VARIOS
21035,SET/2 RED SPOTTY TEA TOWELS ,TEXTIL_HOGAR
82001S,VINYL RECORD FRAME SILVER,OTROS_VARIOS
82580,BATHROOM METAL SIGN,OTROS_VARIOS
85150,LADIES & GENTLEMEN METAL SIGN,OTROS_VARIOS
21041,RED SPOTTY OVEN GLOVE DOUBLE,OTROS_VARIOS
35916C,PINK FELT HANGING HEART W FLOWER,OTROS_VARIOS
35916B,BLUE FELT HANGING HEART W FLOWER,OTROS_VARIOS
22180,RETRO SPOT LAMP,ILUMINACION
22128,PARTY CONES CANDY ASSORTED,OTROS_VARIOS
22163,HEART STRING MEMO HOLDER HANGING,OTROS_VARIOS
35951,FOLKART BAUBLE CHRISTMAS DECORATION,NAVIDAD
22253,6 CROCHET STRAWBERRIES,OTROS_VARIOS
84988,SET OF 72 PINK HEART PAPER DOILIES,PAPELERIA_EMPAQUE
22219,LOVEBIRD HANGING DECORATION WHITE ,JUGUETES_DECOR
18097C,WHITE TALL PORCELAIN T-LIGHT HOLDER,ILUMINACION
21299,EDWARDIAN TOILET ROLL UNIT ,OTROS_VARIOS
21099,SET/6 STRAWBERRY PAPER CUPS,COCINA_MESA
21085,SET/6 WOODLAND PAPER CUPS,COCINA_MESA
21929,JUMBO BAG PINK VINTAGE PAISLEY,PAPELERIA_EMPAQUE
22241,"GARLAND , WOODEN  "" HAPPY EASTER""",OTROS_VARIOS
21091,SET/6 WOODLAND PAPER PLATES,COCINA_MESA
21733,RED HANGING HEART T-LIGHT HOLDER,ILUMINACION
22178,VICTORIAN GLASS HANGING T-LIGHT,ILUMINACION
22125,UNION JACK HOT WATER BOTTLE ,OTROS_VARIOS
21671,RED SPOT CERAMIC DRAWER KNOB,OTROS_VARIOS
22086,PAPER CHAIN KIT 50'S CHRISTMAS ,NAVIDAD
22294,HEART FILIGREE DOVE  SMALL,OTROS_VARIOS
22199,FRYING PAN RED POLKADOT ,OTROS_VARIOS
22083,PAPER CHAIN KIT RETRO SPOT,PAPELERIA_EMPAQUE
22114,HOT WATER BOTTLE TEA AND SYMPATHY,OTROS_VARIOS
21485,RED SPOT HEART HOT WATER BOTTLE,OTROS_VARIOS
21928,JUMBO BAG SCANDINAVIAN PAISLEY,PAPELERIA_EMPAQUE
85099B,JUMBO BAG RED WHITE SPOTTY ,PAPELERIA_EMPAQUE
22356,"CHARLOTTE BAG , PINK/WHITE SPOTS",PAPELERIA_EMPAQUE
20724,RED SPOTTY CHARLOTTE BAG,PAPELERIA_EMPAQUE
21592,RETRO SPOT  CIGAR BOX MATCHES ,PAPELERIA_EMPAQUE
20725,LUNCH BAG RED SPOTTY,PAPELERIA_EMPAQUE
20728,LUNCH BAG CARS BLUE,PAPELERIA_EMPAQUE
20726,LUNCH BAG WOODLAND,PAPELERIA_EMPAQUE
21217,RED SPOTTY ROUND CAKE TINS,COCINA_MESA
85066,CREAM SWEETHEART MINI CHEST,OTROS_VARIOS
20827,GOLD APERITIF GLASS,OTROS_VARIOS
20825,GOLD WINE GLASS,OTROS_VARIOS
20823,GOLD WINE GOBLET,OTROS_VARIOS
20826,SILVER APERITIF GLASS,OTROS_VARIOS
22087,PAPER BUNTING WHITE LACE,PAPELERIA_EMPAQUE
85206A,CREAM FELT EASTER EGG BASKET,OTROS_VARIOS
21895,POTTING SHED SOW 'N' GROW SET,PAPELERIA_EMPAQUE
21896,POTTING SHED TWINE,PAPELERIA_EMPAQUE
84946,ANTIQUE SILVER TEA GLASS ETCHED,OTROS_VARIOS
22090,PAPER BUNTING RETRO SPOTS,PAPELERIA_EMPAQUE
90200A,PURPLE SWEETHEART BRACELET,OTROS_VARIOS
90200D,PINK SWEETHEART BRACELET,OTROS_VARIOS
90200B,BLACK SWEETHEART BRACELET,OTROS_VARIOS
90200E,GREEN SWEETHEART BRACELET,OTROS_VARIOS
90200C,BLUE SWEETHEART BRACELET,OTROS_VARIOS
90185C,BLACK DIAMANTE EXPANDABLE RING,OTROS_VARIOS
90185B,AMETHYST DIAMANTE EXPANDABLE RING,OTROS_VARIOS
90003C,MIDNIGHT BLUE PAIR HEART HAIR SLIDE,OTROS_VARIOS
90003D,CRYSTAL PAIR HEART HAIR SLIDES,OTROS_VARIOS
90003B,ROSE COLOUR PAIR HEART HAIR SLIDES,OTROS_VARIOS
90209C,PINK ENAMEL+GLASS HAIR COMB,OTROS_VARIOS
90209A,PURPLE ENAMEL+GLASS HAIR COMB,OTROS_VARIOS
90082D,DIAMANTE BOW BROOCH BLACK COLOUR,OTROS_VARIOS
21977,PACK OF 60 PINK PAISLEY CAKE CASES,COCINA_MESA
84991,60 TEATIME FAIRY CAKE CASES,COCINA_MESA
22273,FELTCRAFT DOLL MOLLY,JUGUETES_DECOR
22179,SET 10 LIGHTS NIGHT OWL,ILUMINACION
22320,BIRDS MOBILE VINTAGE DESIGN,OTROS_VARIOS
22232,3 PIECE JIGSAW TOADSTOOLS,OTROS_VARIOS
84598,BOYS ALPHABET IRON ON PATCHES,OTROS_VARIOS
79323S, SILVER CHERRY LIGHTS,ILUMINACION
84568,GIRLS ALPHABET IRON ON PATCHES ,OTROS_VARIOS
21668,RED STRIPE CERAMIC DRAWER KNOB,OTROS_VARIOS
21669,BLUE STRIPE CERAMIC DRAWER KNOB,OTROS_VARIOS
21670,BLUE SPOT CERAMIC DRAWER KNOB,OTROS_VARIOS
21672,WHITE SPOT RED CERAMIC DRAWER KNOB,OTROS_VARIOS
21673,WHITE SPOT BLUE CERAMIC DRAWER KNOB,OTROS_VARIOS
85071A,BLUE CHARLIE+LOLA PERSONAL DOORSIGN,OTROS_VARIOS
85071B,RED CHARLIE+LOLA PERSONAL DOORSIGN,OTROS_VARIOS
21161,KEEP OUT BOYS DOOR HANGER ,OTROS_VARIOS
21162,TOXIC AREA  DOOR HANGER ,OTROS_VARIOS
21248,DOOR HANGER  MUM + DADS ROOM,OTROS_VARIOS
21159,MOODY BOY  DOOR HANGER ,OTROS_VARIOS
82494L,WOODEN FRAME ANTIQUE WHITE ,OTROS_VARIOS
82486,WOOD S/3 CABINET ANT WHITE FINISH,OTROS_VARIOS
82483,WOOD 2 DRAWER CABINET WHITE FINISH,OTROS_VARIOS
21212,PACK OF 72 RETRO SPOT CAKE CASES,COCINA_MESA
72756,FAIRY CAKE CANDLES,COCINA_MESA
22063,CERAMIC BOWL WITH STRAWBERRY DESIGN,COCINA_MESA
37450,CERAMIC CAKE BOWL + HANGING CAKES,COCINA_MESA
21707,"FOLDING UMBRELLA , BLACK/BLUE  SPOT",OTROS_VARIOS
21710,FOLDING UMBRELLA  PINK/WHITE  SPOT,OTROS_VARIOS
21708,FOLDING UMBRELLA  CREAM/MULTI  SPOT,OTROS_VARIOS
21706,"FOLDING UMBRELLA , RED/WHITE SPOT",OTROS_VARIOS
21711,FOLDING UMBRELLA  WHITE/RED  SPOT,OTROS_VARIOS
20747,PICCADILLY TEA SET,OTROS_VARIOS
20752,RETRO BLUE SPOTTY WASHING UP GLOVES,OTROS_VARIOS
20753,RETRO PINK SPOT WASHING UP GLOVES,OTROS_VARIOS
20751,FUNKY WASHING UP GLOVES ASSORTED,OTROS_VARIOS
48185,DOOR MAT FAIRY CAKE,COCINA_MESA
21481,FAWN BLUE HOT WATER BOTTLE,OTROS_VARIOS
85042,ANTIQUE LILY FAIRY LIGHTS,ILUMINACION
72760B,VINTAGE CREAM 3 BASKET CAKE STAND,COCINA_MESA
71477,short,OTROS_VARIOS
22149,FELTCRAFT 6 FLOWER FRIENDS,OTROS_VARIOS
21482,MUSHROOM BLUE HOT WATER BOTTLE,OTROS_VARIOS
21484,CHICK GREY HOT WATER BOTTLE,OTROS_VARIOS
20967,GREY FLORAL FELTCRAFT SHOULDER BAG,PAPELERIA_EMPAQUE
20970,PINK FLORAL FELTCRAFT SHOULDER BAG,PAPELERIA_EMPAQUE
84582,PINK CROCHET CAT WITH SCARF,OTROS_VARIOS
20972,PINK CREAM FELT CRAFT TRINKET BOX ,PAPELERIA_EMPAQUE
84327A,PINK JUMPER LARRY THE LAMB,OTROS_VARIOS
21490,SET OF THREE 50'S GIFT WRAPS ,PAPELERIA_EMPAQUE
21063,PARTY INVITES JAZZ HEARTS,OTROS_VARIOS
21058,PARTY INVITES WOODLAND,OTROS_VARIOS
84997D,PINK 3 PIECE MINI DOTS CUTLERY SET,OTROS_VARIOS
84997C,BLUE 3 PIECE MINI DOTS CUTLERY SET,OTROS_VARIOS
22301,COFFEE MUG CAT + BIRD DESIGN,COCINA_MESA
22300,COFFEE MUG DOG + BALL DESIGN,COCINA_MESA
21231,SWEETHEART CERAMIC TRINKET BOX,PAPELERIA_EMPAQUE
20870,OPULENT VELVET CANDLE IN BOX,ILUMINACION
90121B,VINTAGE ROSE BEAD BRACELET BLUE,OTROS_VARIOS
90175A,WHITE GLASS CHUNKY CHARM BRACELET,OTROS_VARIOS
90195B,BLACK GEMSTONE BRACELET,OTROS_VARIOS
90062,CARNIVAL BRACELET,OTROS_VARIOS
21930,JUMBO STORAGE BAG SKULLS,PAPELERIA_EMPAQUE
21540,DAIRY MAID CERAMIC BUTTER DISH,OTROS_VARIOS
21533,RETRO SPOT LARGE MILK JUG,OTROS_VARIOS
85083,KISS REINDEER SCANDINAVIAN STOCKING,NAVIDAD
21472,LADYBIRD + BEE RAFFIA FOOD COVER,OTROS_VARIOS
47566B,TEA TIME PARTY BUNTING,PAPELERIA_EMPAQUE
22275,WEEKEND BAG VINTAGE ROSE PAISLEY,PAPELERIA_EMPAQUE
21479,WHITE SKULL HOT WATER BOTTLE ,OTROS_VARIOS
21791,VINTAGE HEADS AND TAILS CARD GAME ,PAPELERIA_EMPAQUE
37449,CERAMIC CAKE STAND + HANGING CAKES,COCINA_MESA
37446,MINI CAKE STAND WITH HANGING CAKES,COCINA_MESA
21258,VICTORIAN SEWING BOX LARGE,PAPELERIA_EMPAQUE
20892,SET/3 TALL GLASS CANDLE HOLDER PINK,ILUMINACION
47591D,PINK FAIRY CAKE CHILD'S APRON,COCINA_MESA
21867,PINK UNION JACK  LUGGAGE TAG,OTROS_VARIOS
82551,LAUNDRY 15C METAL SIGN,OTROS_VARIOS
82567,"AIRLINE LOUNGE,METAL SIGN",OTROS_VARIOS
82613D,METAL SIGN CUPCAKE SINGLE HOOK,COCINA_MESA
21179,NO JUNK MAIL METAL SIGN,OTROS_VARIOS
21865,PINK UNION JACK  PASSPORT COVER ,OTROS_VARIOS
72783,BLACK SIL'T SQU CANDLE PLATE ,COCINA_MESA
20719,WOODLAND CHARLOTTE BAG,PAPELERIA_EMPAQUE
21869,POTTING SHED COFFEE MUG,COCINA_MESA
21876,POTTERING MUG,COCINA_MESA
84849B,FAIRY SOAP SOAP HOLDER,OTROS_VARIOS
21864,UNION JACK FLAG PASSPORT COVER ,OTROS_VARIOS
21470,FLOWER VINE RAFFIA FOOD COVER,OTROS_VARIOS
20897,VINTAGE NOTEBOOK PARIS DAYS,OTROS_VARIOS
44230,SQUARE MIRROR CURTAIN,OTROS_VARIOS
37485,ENGLISH ROSE TEA SET IN GIFT BOX,PAPELERIA_EMPAQUE
84997A,GREEN 3 PIECE MINI DOTS CUTLERY SET,OTROS_VARIOS
21245,GREEN  SPOTTY PLATE ,COCINA_MESA
21241,GREEN SPOTTY CUP,COCINA_MESA
21705,BAG 500g SWIRLY MARBLES,PAPELERIA_EMPAQUE
21913,VINTAGE SEASIDE JIGSAW PUZZLES,OTROS_VARIOS
16207A,PINK STRAWBERRY HANDBAG ,PAPELERIA_EMPAQUE
21821,GLITTER STAR GARLAND WITH BELLS ,OTROS_VARIOS
22319,HAIRCLIPS FORTIES FABRIC ASSORTED,OTROS_VARIOS
21584,RETRO SPOT SMALL TUBE MATCHES,OTROS_VARIOS
21931,JUMBO STORAGE BAG SUKI,PAPELERIA_EMPAQUE
47591A,CAROUSEL DES CHILD'S APRON,TEXTIL_HOGAR
84997B,RED 3 PIECE MINI DOTS CUTLERY SET,OTROS_VARIOS
22122,SET OF 2 FANCY FONT TEA TOWELS,TEXTIL_HOGAR
21837,CROSS STITCH ALPHABET CUSHION COVER,TEXTIL_HOGAR
84951A,S/4 PISTACHIO LOVEBIRD COASTERS,OTROS_VARIOS
22335,HEART DECORATION PAINTED ZINC ,JUGUETES_DECOR
85129A,"WHITE PEARL BEADED HEART, SMALL",OTROS_VARIOS
84791,GINGHAM HEART DECORATION,JUGUETES_DECOR
21244,BLUE  SPOTTY PLATE ,COCINA_MESA
20675,BLUE SPOTTY BOWL,COCINA_MESA
82616B,FRAPPUCINO SCARF KNITTING KIT,PAPELERIA_EMPAQUE
22276,WASH BAG VINTAGE ROSE PAISLEY,PAPELERIA_EMPAQUE
84912B,GREEN ROSE WASHBAG,PAPELERIA_EMPAQUE
85014C,BLUE/BROWN DOTS RUFFLED UMBRELLA,OTROS_VARIOS
85014D,PINK/BROWN DOTS RUFFLED UMBRELLA,OTROS_VARIOS
21326,AGED GLASS SILVER T-LIGHT HOLDER,ILUMINACION
84949,SILVER HANGING T-LIGHT HOLDER,ILUMINACION
21908,CHOCOLATE THIS WAY METAL SIGN,OTROS_VARIOS
21371,MIRRORED WALL ART POPPIES,OTROS_VARIOS
85152,HAND OVER THE CHOCOLATE   SIGN ,OTROS_VARIOS
21133,PAINTED BIRD ASSORTED CHRISTMAS,NAVIDAD
20984,12 PENCILS TALL TUBE POSY,OTROS_VARIOS
20982,12 PENCILS TALL TUBE SKULLS,OTROS_VARIOS
84971L,LARGE HEART FLOWERS HOOK   ,OTROS_VARIOS
90168,2 DAISIES HAIR COMB,OTROS_VARIOS
84884A,ANT WHITE WIRE HEART SPIRAL,OTROS_VARIOS
90013C,GREEN VINTAGE EARRINGS ,OTROS_VARIOS
90023,FILIGREE DIAMANTE EARRINGS,OTROS_VARIOS
90067A,PINK VINTAGE VICTORIAN EARRINGS,OTROS_VARIOS
90067B,BROWN VINTAGE VICTORIAN EARRINGS,OTROS_VARIOS
90145,SILVER HOOP EARRINGS WITH FLOWER,OTROS_VARIOS
90000A,RASPBERRY ANT COPPER FLOWER NECKLAC,OTROS_VARIOS
90024B,NEW BAROQUE B'FLY NECKLACE RED,OTROS_VARIOS
90036D,"FLOWER GLASS GARLAND NECKL.36""BLACK",OTROS_VARIOS
90134,OLD ROSE COMBO BEAD NECKLACE,OTROS_VARIOS
90131,PINK/AMETHYST/GOLD NECKLACE,OTROS_VARIOS
90199C,5 STRAND GLASS NECKLACE CRYSTAL,OTROS_VARIOS
35751C,PURPLE CURRENT CANDLE RING,ILUMINACION
72739B,WHITE CHOCOLATE SCENT CANDLE,ILUMINACION
22212,FOUR HOOK  WHITE LOVEBIRDS,OTROS_VARIOS
48187,DOOR MAT NEW ENGLAND,OTROS_VARIOS
48195,DOOR MAT GREEN PAISLEY ,OTROS_VARIOS
72741,GRAND CHOCOLATECANDLE,ILUMINACION
85232D,SET/3 DECOUPAGE STACKING TINS,PAPELERIA_EMPAQUE
20828,GLITTER BUTTERFLY CLIPS,OTROS_VARIOS
22080,RIBBON REEL SPOTS DESIGN ,PAPELERIA_EMPAQUE
22082,RIBBON REEL STRIPES DESIGN ,PAPELERIA_EMPAQUE
21784,SHOE SHINE BOX ,PAPELERIA_EMPAQUE
21172,PARTY METAL SIGN ,OTROS_VARIOS
82600,NO SINGING METAL SIGN,OTROS_VARIOS
22282,12 EGG HOUSE PAINTED WOOD,OTROS_VARIOS
21842,PINK HEART CANDY BUTTON CALCULATOR,OTROS_VARIOS
22089,PAPER BUNTING VINTAGE PAISLEY,PAPELERIA_EMPAQUE
20734,SILVER MINI TAPE MEASURE ,OTROS_VARIOS
35071,ASSORTED SANTA CHRISTMAS DECORATION,NAVIDAD
22121,NOEL WOODEN BLOCK LETTERS ,OTROS_VARIOS
84836,ZINC METAL HEART DECORATION,JUGUETES_DECOR
21646,,SIN_DESCRIPCION
37492A,YELLOW RED FLOWER PIGGY BANK,OTROS_VARIOS
10133,COLOURING PENCILS BROWN TUBE,OTROS_VARIOS
22113,GREY HEART HOT WATER BOTTLE,OTROS_VARIOS
20782,CAMOUFLAGE EAR MUFF HEADPHONES,OTROS_VARIOS
22190,LOCAL CAFE MUG,COCINA_MESA
84029G,KNITTED UNION FLAG HOT WATER BOTTLE,OTROS_VARIOS
21489,BLUE WHITE SCARF HOT WATER BOTTLE,OTROS_VARIOS
20987,GEISHA GIRL CHOPSTICKS SET/5,OTROS_VARIOS
20989,URBAN CHIC CHOPSTICKS SET/5,OTROS_VARIOS
21868,POTTING SHED TEA MUG,COCINA_MESA
21875,KINGS CHOICE MUG,COCINA_MESA
21826,EIGHT PIECE DINOSAUR SET,OTROS_VARIOS
21827,EIGHT PIECE CREEPY CRAWLIE SET,OTROS_VARIOS
21828,EIGHT PIECE SNAKE  SET,OTROS_VARIOS
16225,RATTLE SNAKE EGGS,OTROS_VARIOS
21829,DINOSAUR KEYRINGS ASSORTED,OTROS_VARIOS
21638,ASSORTED TUTTI FRUTTI NOTEBOOK,OTROS_VARIOS
22218,CAKE STAND LACE WHITE,COCINA_MESA
22222,CAKE PLATE LOVEBIRD WHITE,COCINA_MESA
22305,COFFEE MUG PINK PAISLEY DESIGN,COCINA_MESA
22304,COFFEE MUG BLUE PAISLEY DESIGN,COCINA_MESA
22302,COFFEE MUG PEARS  DESIGN,COCINA_MESA
22303,COFFEE MUG APPLES DESIGN,COCINA_MESA
22127,PARTY CONES CARNIVAL ASSORTED,OTROS_VARIOS
21143,ANTIQUE GLASS HEART DECORATION ,JUGUETES_DECOR
21639,ASSORTED TUTTI FRUTTI KEYRING,OTROS_VARIOS
22154,ANGEL DECORATION 3 BUTTONS ,JUGUETES_DECOR
22155,STAR DECORATION RUSTIC,JUGUETES_DECOR
21889,WOODEN BOX OF DOMINOES,PAPELERIA_EMPAQUE
85045,GREEN CHRISTMAS TREE STRING 20LIGHT,NAVIDAD
85044,RED REINDEER STRING OF 20 LIGHTS,NAVIDAD
21587,COSY HOUR GIANT TUBE MATCHES,OTROS_VARIOS
21588,RETRO SPOT GIANT  TUBE MATCHES,OTROS_VARIOS
21818,GLITTER CHRISTMAS HEART ,NAVIDAD
21819,GLITTER CHRISTMAS STAR ,NAVIDAD
21817,GLITTER CHRISTMAS TREE,NAVIDAD
48111,DOOR MAT 3 SMILEY CATS,OTROS_VARIOS
20685,RED SPOTTY COIR DOORMAT,TEXTIL_HOGAR
48194,DOORMAT HEARTS,TEXTIL_HOGAR
21495,SKULLS WRAP,PAPELERIA_EMPAQUE
47505,MINATURE COLOURED GARDENING SET,JARDIN
10135,COLOURING PENCILS BROWN TUBE,OTROS_VARIOS
37492C,GREEN BLUE FLOWER PIGGY BANK,OTROS_VARIOS
20677,PINK SPOTTY BOWL,COCINA_MESA
20676,RED SPOTTY BOWL,COCINA_MESA
21086,SET/6 RED SPOTTY PAPER CUPS,COCINA_MESA
21948,SET OF 6 CAKE CHOPSTICKS,COCINA_MESA
21833,CAMOUFLAGE LED TORCH,OTROS_VARIOS
21832,CHOCOLATE CALCULATOR,OTROS_VARIOS
22315,200 RED + WHITE BENDY STRAWS,OTROS_VARIOS
21870,I CAN ONLY PLEASE ONE PERSON MUG,COCINA_MESA
22115,METAL SIGN EMPIRE TEA,OTROS_VARIOS
21166,COOK WITH WINE METAL SIGN ,OTROS_VARIOS
21175,GIN + TONIC DIET METAL SIGN,OTROS_VARIOS
21174,POTTERING IN THE SHED METAL SIGN,OTROS_VARIOS
22197,"POPCORN HOLDER , SMALL ",OTROS_VARIOS
21094,SET/6 RED SPOTTY PAPER PLATES,COCINA_MESA
72724,SET/6 CHRISTMAS ICICLE T-LIGHTS,NAVIDAD
22103,MIRROR MOSAIC T-LIGHT HOLDER ROUND,ILUMINACION
37424,WHITE WITH BLACK CATS MUG,COCINA_MESA
21136,PAINTED METAL PEARS ASSORTED,OTROS_VARIOS
21238,RED SPOTTY CUP,COCINA_MESA
21240,BLUE  SPOTTY CUP,COCINA_MESA
21239,PINK  SPOTTY CUP,COCINA_MESA
84007,MAGIC GARDEN MOUNT FUJI,JARDIN
84012,MAGIC SHEEP WOOL GROWING FROM PAPER,PAPELERIA_EMPAQUE
22077,6 RIBBONS RUSTIC CHARM,PAPELERIA_EMPAQUE
85049A,TRADITIONAL CHRISTMAS RIBBONS,NAVIDAD
85049E,SCANDINAVIAN REDS RIBBONS,PAPELERIA_EMPAQUE
22075,6 RIBBONS ELEGANT CHRISTMAS ,NAVIDAD
22076,6 RIBBONS EMPIRE  ,PAPELERIA_EMPAQUE
79323LP,LIGHT PINK CHERRY LIGHTS,ILUMINACION
79342B,BROWN FLOWER LIGHTS,ILUMINACION
79341,WILLOW BRANCH LIGHTS.,ILUMINACION
85226C,BLUE PULL BACK RACING CAR,OTROS_VARIOS
85227,SET/6 3D KIT CARDS FOR KIDS,PAPELERIA_EMPAQUE
21976,PACK OF 60 MUSHROOM CAKE CASES,COCINA_MESA
21498,RED SPOTS  WRAP ,PAPELERIA_EMPAQUE
84948,SILVER HANGING T-LIGHT HOLDER DOME,ILUMINACION
21537,RETRO SPOTS PUDDING BOWL,COCINA_MESA
20718,RED SPOTTY SHOPPER BAG,PAPELERIA_EMPAQUE
21173,LOO ROLL  METAL SIGN ,OTROS_VARIOS
85124A,PINK JUICY FRUIT PHOTO FRAME,OTROS_VARIOS
21539,RETRO SPOTS BUTTER DISH,OTROS_VARIOS
16169F,WRAP BLIZZARD,PAPELERIA_EMPAQUE
21527,RETRO SPOT TRADITIONAL TEAPOT ,COCINA_MESA
21531,RETRO SPOT SUGAR JAM BOWL,COCINA_MESA
20914,SET/5 RED SPOTTY LID GLASS BOWLS,COCINA_MESA
21242,RED SPOTTY PLATE ,COCINA_MESA
21535,RETRO SPOT SMALL MILK JUG,OTROS_VARIOS
21844,RETRO SPOT MUG,COCINA_MESA
22073,RETRO SPOT STORAGE JAR,OTROS_VARIOS
22072,TEA CUP AND SAUCER RETRO SPOT,COCINA_MESA
15056BL,EDWARDIAN PARASOL BLACK,OTROS_VARIOS
15056N,EDWARDIAN PARASOL NATURAL,OTROS_VARIOS
22254,FELT TOADSTOOL LARGE,OTROS_VARIOS
22255,FELT TOADSTOOL  SMALL,OTROS_VARIOS
46000S,POLYESTER FILLER PAD 40x40cm,OTROS_VARIOS
20964,POLYESTER FILLER PAD 60x40cm,OTROS_VARIOS
21788,KIDS RAIN MAC BLUE,OTROS_VARIOS
21789,KIDS RAIN MAC PINK,OTROS_VARIOS
20682,RED SPOTTY CHILDS UMBRELLA,OTROS_VARIOS
84832,ZINC WILLIE WINKIE  CANDLE STICK,ILUMINACION
85063,CREAM SWEETHEART MAGAZINE RACK,OTROS_VARIOS
48129,DOOR MAT TOPIARY,OTROS_VARIOS
22030,SWALLOWS GREETING CARD,PAPELERIA_EMPAQUE
21081,SET/20 POSIES PAPER NAPKINS,PAPELERIA_EMPAQUE
20773,BLUE PAISLEY NOTEBOOK,OTROS_VARIOS
20767,BLUE PAISLEY JOURNAL ,OTROS_VARIOS
22028,PENNY FARTHING BIRTHDAY CARD,PAPELERIA_EMPAQUE
20622,VIPPASSPORT COVER ,OTROS_VARIOS
21122,SET/10 PINK SPOTTY PARTY CANDLES,ILUMINACION
21124,SET/10 BLUE SPOTTY PARTY CANDLES,ILUMINACION
20657,TROPICAL LUGGAGE TAG,OTROS_VARIOS
16156N,"WRAP, FRIENDSHIP ON GREEN",PAPELERIA_EMPAQUE
20673,STRAWBERRIES PRINT BOWL,COCINA_MESA
84520B,PACK 20 ENGLISH ROSE PAPER NAPKINS,PAPELERIA_EMPAQUE
20619,TROPICAL PASSPORT COVER ,OTROS_VARIOS
21866,UNION JACK FLAG LUGGAGE TAG,OTROS_VARIOS
20660,VIP LUGGAGE TAG ,OTROS_VARIOS
20777,CHRYSANTHEMUM NOTEBOOK,OTROS_VARIOS
20774,GREEN FERN NOTEBOOK,OTROS_VARIOS
22037,ROBOT BIRTHDAY CARD,PAPELERIA_EMPAQUE
22036,DINOSAUR BIRTHDAY CARD,PAPELERIA_EMPAQUE
21726,MULTI HEARTS  STICKERS,OTROS_VARIOS
21544,SKULLS  WATER TRANSFER TATTOOS ,OTROS_VARIOS
21004,ROSE DU SUD CHILDS APRON,TEXTIL_HOGAR
84402D,PINK DRESS JEWELLERY STAND ,OTROS_VARIOS
84660B,BLACK STITCHED WALL CLOCK,OTROS_VARIOS
21429,RED GINGHAM ROSE JEWELLERY BOX,PAPELERIA_EMPAQUE
72754B,F FAIRY POTPOURRI CUSHIONS LAVENDER,TEXTIL_HOGAR
21500,PINK SPOTS  WRAP ,PAPELERIA_EMPAQUE
21431,GREEN GINGHAM FLOWER JEWELLERY BOX,PAPELERIA_EMPAQUE
20748,KENSINGTON COFFEE SET,OTROS_VARIOS
72802B,OCEAN SCENT CANDLE IN JEWELLED BOX,ILUMINACION
72803A,ROSE SCENT CANDLE JEWELLED DRAWER,ILUMINACION
79029,GLASS HONEYPOT WASP CATCHER,OTROS_VARIOS
21591,COSY HOUR CIGAR BOX MATCHES ,PAPELERIA_EMPAQUE
72801E,S/4 FESTIVE GREEN DINNER CANDLES,ILUMINACION
21034,REX CASH+CARRY JUMBO SHOPPER,OTROS_VARIOS
85049D,BRIGHT BLUES RIBBONS ,PAPELERIA_EMPAQUE
21985,PACK OF 12 HEARTS DESIGN TISSUES ,OTROS_VARIOS
21980,PACK OF 12 RED SPOTTY TISSUES ,OTROS_VARIOS
16235,RECYCLED PENCIL WITH RABBIT ERASER,OTROS_VARIOS
84347,ROTATING SILVER ANGELS T-LIGHT HLDR,ILUMINACION
84990,60 GOLD AND SILVER FAIRY CAKE CASES,COCINA_MESA
85231E,STRAWBERRY SCENTED SET/9 T-LIGHTS,ILUMINACION
85231B,CINAMMON SET OF 9 T-LIGHTS,ILUMINACION
72008,FROSTED BOX 9 WHITE T-LIGHT CANDLES,ILUMINACION
22071,SMALL RETRO SPOT MUG IN BOX  WHITE,COCINA_MESA
22070,SMALL RETRO SPOT MUG IN BOX  RED,COCINA_MESA
84270,ASSTD DESIGN BUBBLE GUM RING,OTROS_VARIOS
85049C,ROMANTIC PINKS RIBBONS ,PAPELERIA_EMPAQUE
84352,SILVER CHRISTMAS TREE BAUBLE STAND ,NAVIDAD
79067,CORONA MEXICAN TRAY,OTROS_VARIOS
22203,MILK PAN RED RETROSPOT,OTROS_VARIOS
21353,SILVER SLEIGHBELL  WREATH,OTROS_VARIOS
21538,DAIRY MAID  PUDDING BOWL,COCINA_MESA
21534,DAIRY MAID LARGE MILK JUG,OTROS_VARIOS
85053,FRENCH ENAMEL CANDLEHOLDER,ILUMINACION
22118,JOY WOODEN BLOCK LETTERS,OTROS_VARIOS
35832,WOOLLY HAT SOCK GLOVE ADVENT STRING,NAVIDAD
D,Discount,OTROS_VARIOS
21375,LARGE CAMPHOR WOOD FIELD MUSHROOM ,OTROS_VARIOS
22186,RED STAR CARD HOLDER,PAPELERIA_EMPAQUE
47504K,ENGLISH ROSE GARDEN SECATEURS,JARDIN
47504F,ENGLISH ROSE TORCH,OTROS_VARIOS
21809,CHRISTMAS HANGING TREE WITH BELL,NAVIDAD
21186,WHITE DOVE HONEYCOMB PAPER GARLAND,PAPELERIA_EMPAQUE
21611,SET OF 12 LILY BOTANICAL T-LIGHTS,ILUMINACION
21480,PINK STRIPE HOT WATER BOTTLE,OTROS_VARIOS
85170A,SET/6 IVORY BIRD T-LIGHT CANDLES,ILUMINACION
85033S,SET/6 SILVER REINDEER T-LIGHTS,NAVIDAD
35991,SET/6 BLACK SNOWFLAKE T-LIGHTS ,ILUMINACION
22185,SLATE TILE NATURAL HANGING,OTROS_VARIOS
21786,RAIN HAT WITH RED SPOTS,OTROS_VARIOS
84388,WISE MAN STAR SHAPE EGG PAN,OTROS_VARIOS
21918,SET 12 KIDS COLOUR  CHALK STICKS,OTROS_VARIOS
51012C,"FEATHER DUSTER, COAL BLACK",OTROS_VARIOS
84671B,CROCHET BEAR WITH BLUE STRIPES,OTROS_VARIOS
21747,SMALL SKULL WINDMILL,OTROS_VARIOS
22330,72 ROUND PINK DOILIES,OTROS_VARIOS
84375,SET OF 20 KIDS COOKIE CUTTERS,OTROS_VARIOS
84952B,BLACK LOVE BIRD T-LIGHT HOLDER,ILUMINACION
20961,STRAWBERRY BATH SPONGE ,OTROS_VARIOS
20960,WATERMELON BATH SPONGE,OTROS_VARIOS
20966,SANDWICH BATH SPONGE,OTROS_VARIOS
17164D,ASS COL SMALL SAND FROG P'WEIGHT,OTROS_VARIOS
21890,S/6 WOODEN SKITTLES IN COTTON BAG,PAPELERIA_EMPAQUE
85170D,SET/6 PINK BIRD T-LIGHT CANDLES,ILUMINACION
17091J,VANILLA INCENSE IN TIN,PAPELERIA_EMPAQUE
20975,12 PENCILS SMALL TUBE RED SPOTTY,OTROS_VARIOS
21440,12 MINI TOADSTOOL PEGS,OTROS_VARIOS
22174,PHOTO CUBE,OTROS_VARIOS
22150, 3 STRIPEY MICE FELTCRAFT,OTROS_VARIOS
22147,FELTCRAFT BUTTERFLY HEARTS,OTROS_VARIOS
21356,TOAST ITS - FAIRY FLOWER,OTROS_VARIOS
21357,TOAST ITS - DINOSAUR,OTROS_VARIOS
21677,HEARTS  STICKERS,OTROS_VARIOS
21680,WOODLAND  STICKERS,OTROS_VARIOS
21730,GLASS STAR FROSTED T-LIGHT HOLDER,ILUMINACION
70007,HI TEC ALPINE HAND WARMER,OTROS_VARIOS
70006,LOVE HEART POCKET WARMER,OTROS_VARIOS
21650,ASSORTED TUTTI FRUTTI BRACELET,OTROS_VARIOS
21892,TRADITIONAL WOODEN CATCH CUP GAME ,COCINA_MESA
20655,QUEEN OF SKIES LUGGAGE TAG,OTROS_VARIOS
21990,MODERN FLORAL STATIONERY SET,OTROS_VARIOS
21934,SKULL SHOULDER BAG,PAPELERIA_EMPAQUE
21578,WOODLAND DESIGN  COTTON TOTE BAG,PAPELERIA_EMPAQUE
21579,LOLITA  DESIGN  COTTON TOTE BAG,PAPELERIA_EMPAQUE
21577,SAVE THE PLANET COTTON TOTE BAG,PAPELERIA_EMPAQUE
20713,JUMBO BAG OWLS,PAPELERIA_EMPAQUE
20712,JUMBO BAG WOODLAND ANIMALS,PAPELERIA_EMPAQUE
16047,POP ART PEN CASE & PENS,OTROS_VARIOS
21561,DINOSAUR LUNCHBOX WITH CUTLERY,PAPELERIA_EMPAQUE
20814,SILVER FINCH DECORATION,JUGUETES_DECOR
22068, BLACK PIRATE TREASURE CHEST,OTROS_VARIOS
21377,SMALL CAMPHOR WOOD FIELD  MUSHROOM,OTROS_VARIOS
21379, CAMPHOR WOOD PORTOBELLO MUSHROOM,OTROS_VARIOS
20956,PORCELAIN T-LIGHT HOLDERS ASSORTED,ILUMINACION
21018,BIRD BOX CHRISTMAS TREE DECORATION,NAVIDAD
35995,SET/6 BLACK GLITTER REINDEER CANDLE,NAVIDAD
22355,"CHARLOTTE BAG , SUKI DESIGN",PAPELERIA_EMPAQUE
21581,SKULLS  DESIGN  COTTON TOTE BAG,PAPELERIA_EMPAQUE
20727,LUNCH BAG  BLACK SKULL.,PAPELERIA_EMPAQUE
21071,VINTAGE BILLBOARD DRINK ME MUG,COCINA_MESA
21068,VINTAGE BILLBOARD LOVE/HATE MUG,COCINA_MESA
22189,CREAM HEART CARD HOLDER,PAPELERIA_EMPAQUE
48179,DOOR MAT SWEET HOME,OTROS_VARIOS
48188,DOOR MAT WELCOME PUPPIES,OTROS_VARIOS
48184,DOOR MAT ENGLISH ROSE ,OTROS_VARIOS
21777,RECIPE BOX WITH METAL HEART,PAPELERIA_EMPAQUE
20969,RED FLORAL FELTCRAFT SHOULDER BAG,PAPELERIA_EMPAQUE
20968,GREEN FLORAL FELTCRAFT SHOULDER BAG,PAPELERIA_EMPAQUE
21737,SET 3 WICKER LOG BASKETS,OTROS_VARIOS
84899F,YELLOW PURPLE DAISY FELT PURSE KIT,OTROS_VARIOS
84898F,YELLOW FLOWERS FELT HANDBAG KIT,PAPELERIA_EMPAQUE
22207,FRYING PAN UNION FLAG,OTROS_VARIOS
21016,LIGHT BIRD HOUSE TREE DECORATION,ILUMINACION
20829,GLITTER HANGING BUTTERFLY STRING,OTROS_VARIOS
85231G,ORANGE SCENTED SET/9 T-LIGHTS,ILUMINACION
21407,BROWN CHECK CAT DOORSTOP ,OTROS_VARIOS
72800F,4 IVORY DINNER CANDLES GOLD FLOCK,ILUMINACION
21993,FLORAL FOLK STATIONERY SET,OTROS_VARIOS
21486,PINK HEART DOTS HOT WATER BOTTLE,OTROS_VARIOS
21813,GARLAND WITH STARS AND BELLS,OTROS_VARIOS
21812,GARLAND WITH HEARTS AND BELLS,OTROS_VARIOS
21488,RED WHITE SCARF  HOT WATER BOTTLE,OTROS_VARIOS
75013B,"STRING OF 8 BUTTERFLIES,PINK",OTROS_VARIOS
72800E,4 IVORY DINNER CANDLES SILVER FLOCK,ILUMINACION
72801G,S/4 BURGUNDY WINE DINNER CANDLES,ILUMINACION
72801F,S/4 FESTIVE RED DINNER CANDLES,ILUMINACION
22183,CAKE STAND VICTORIAN FILIGREE MED,COCINA_MESA
21732,RED HANGING METAL STAR TLIGHT HLDR,ILUMINACION
21254,SET OF KITCHEN WALL  STICKERS,COCINA_MESA
85041,SET/4 PINK ORCHID CANDLES IN BOWL,COCINA_MESA
85040B,SET/4 BLUE FLOWER CANDLES IN BOWL,COCINA_MESA
37461,FUNKY MONKEY MUG,COCINA_MESA
21700,BIG DOUGHNUT FRIDGE MAGNETS,OTROS_VARIOS
20692,FLORAL ELEPHANT SOFT TOY,JUGUETES_DECOR
16237,SLEEPING CAT ERASERS,OTROS_VARIOS
37410,BLACK AND WHITE PAISLEY FLOWER MUG,COCINA_MESA
84251F,"GREETING CARD, RITA",PAPELERIA_EMPAQUE
21080,SET/20 RED SPOTTY PAPER NAPKINS ,PAPELERIA_EMPAQUE
21967,PACK OF 12 SKULL TISSUES,OTROS_VARIOS
22110,BIRD HOUSE HOT WATER BOTTLE,OTROS_VARIOS
84977,WIRE FLOWER T-LIGHT HOLDER,ILUMINACION
18010,ASSORTED FRAGRANCE BATH CONFETTI,OTROS_VARIOS
22152,PLACE SETTING WHITE STAR,PAPELERIA_EMPAQUE
72267,PREMIUM CHURCH CANDLE,ILUMINACION
22081,RIBBON REEL FLORA + FAUNA ,PAPELERIA_EMPAQUE
22079,RIBBON REEL HEARTS DESIGN ,PAPELERIA_EMPAQUE
20758,ABSTRACT CIRCLES POCKET BOOK,OTROS_VARIOS
20756,GREEN FERN POCKET BOOK,OTROS_VARIOS
21126,SET OF 6 GIRLS CELEBRATION CANDLES,ILUMINACION
21125,SET 6 FOOTBALL CELEBRATION CANDLES,ILUMINACION
22102,MIRROR MOSAIC T-LIGHT HOLDER ,ILUMINACION
35955,SMALL FOLKART CHRISTMAS TREE DEC,NAVIDAD
35954,SMALL FOLKART STAR CHRISTMAS DEC,NAVIDAD
35957,SMALLFOLKART BAUBLE CHRISTMAS DEC,NAVIDAD
84050,PINK HEART SHAPE EGG FRYING PAN,OTROS_VARIOS
47568,ENGLISH ROSE DESIGN PEG BAG,PAPELERIA_EMPAQUE
84782A,PINK 3 TIER GLASS PLATE STAND,COCINA_MESA
84782C,GREEN 3 TIER GLASS PLATE STAND,COCINA_MESA
22169,FAMILY ALBUM WHITE PICTURE FRAME,OTROS_VARIOS
84933A,LARGE GREEN PEONY FOLDING STOOL,OTROS_VARIOS
84933B,LARGE PINK PEONY FOLDING STOOL,OTROS_VARIOS
22201,FRYING PAN BLUE POLKADOT ,OTROS_VARIOS
37503,TEA TIME CAKE STAND IN GIFT BOX,COCINA_MESA
21593,SWALLOW CIGAR BOX MATCHES ,PAPELERIA_EMPAQUE
22085,PAPER CHAIN KIT SKULLS ,PAPELERIA_EMPAQUE
85099C,JUMBO  BAG BAROQUE BLACK WHITE,PAPELERIA_EMPAQUE
22348,TEA BAG PLATE RED SPOTTY ,COCINA_MESA
85061W,WHITE JEWELLED HEART DECORATION,JUGUETES_DECOR
21781,MA CAMPAGNE CUTLERY BOX,PAPELERIA_EMPAQUE
20768,GREEN FERN JOURNAL ,OTROS_VARIOS
21082,SET/20 FRUIT SALAD PAPER NAPKINS ,PAPELERIA_EMPAQUE
47591B,SCOTTIES DES CHILD'S APRON,TEXTIL_HOGAR
22196,SMALL HEART MEASURING SPOONS,OTROS_VARIOS
22131,FOOD CONTAINER SET 3 LOVE HEART ,OTROS_VARIOS
20804,GLASS CHICKEN BUTTER DISH,OTROS_VARIOS
21115,ROSE CARAVAN DOORSTOP,OTROS_VARIOS
21067,VINTAGE RED TEATIME MUG,COCINA_MESA
22134,LADLE LOVE HEART RED ,OTROS_VARIOS
22132,RED LOVE HEART SHAPE CUP,COCINA_MESA
20963,APPLE BATH SPONGE,OTROS_VARIOS
84670,JAPANESE CROCHETED ANIMAL,OTROS_VARIOS
21559,STRAWBERRY LUNCHBOX WITH CUTLERY,PAPELERIA_EMPAQUE
21558,SKULL LUNCHBOX WITH CUTLERY ,PAPELERIA_EMPAQUE
35004P,SET OF 3 PINK FLYING DUCKS,OTROS_VARIOS
21321,GLASS CHALICE BLUE  LARGE ,OTROS_VARIOS
22281,EASTER TREE YELLOW BIRDS,OTROS_VARIOS
21320,GLASS CHALICE GREEN  LARGE ,OTROS_VARIOS
21187,WHITE BELL HONEYCOMB PAPER GARLAND ,PAPELERIA_EMPAQUE
79000,MOROCCAN TEA GLASS,OTROS_VARIOS
84706F,RED PEONY TABLE CLOCK,OTROS_VARIOS
84968C,S/16 VINTAGE PISTACHIO CUTLERY,OTROS_VARIOS
84968F,S/16 VINTAGE SKY BLUE CUTLERY,OTROS_VARIOS
84968B,S/16 VINTAGE IVORY CUTLERY,OTROS_VARIOS
85231L,LAVENDER SCENTED SET/9 T-LIGHTS,ILUMINACION
21618,4 WILDFLOWER BOTANICAL CANDLES,ILUMINACION
21615,4 LAVENDER BOTANICAL DINNER CANDLES,ILUMINACION
21619,4 VANILLA BOTANICAL CANDLES,ILUMINACION
21612,SET 12 WILDFLOWER BOTANICAL T-LIGHT,ILUMINACION
85049B,LUSH GREENS RIBBONS,PAPELERIA_EMPAQUE
85049G,CHOCOLATE BOX RIBBONS ,PAPELERIA_EMPAQUE
21770,OPEN CLOSED METAL SIGN,OTROS_VARIOS
37500,TEA TIME TEAPOT IN GIFT BOX,COCINA_MESA
21637,ASSORTED SANSKRIT MINI NOTEBOOK,OTROS_VARIOS
21901,"KEY FOB , BACK DOOR ",OTROS_VARIOS
21900,"KEY FOB , SHED",OTROS_VARIOS
21902,"KEY FOB , FRONT  DOOR ",OTROS_VARIOS
21223,SET/4 BADGES WOODLAND ANIMAL,OTROS_VARIOS
85049H,URBAN BLACK RIBBONS ,PAPELERIA_EMPAQUE
21576,LETS GO SHOPPING COTTON TOTE BAG,PAPELERIA_EMPAQUE
21580,RABBIT  DESIGN  COTTON TOTE BAG,PAPELERIA_EMPAQUE
35004S,SET OF 3 SILVER FLYING DUCKS,OTROS_VARIOS
35001W,HAND OPEN SHAPE DECO.WHITE,OTROS_VARIOS
35001B,HAND OPEN SHAPE BLACK,OTROS_VARIOS
21260,FIRST AID TIN,PAPELERIA_EMPAQUE
20866,BLUE ROSE FABRIC MIRROR,OTROS_VARIOS
20867,PINK ROSE FABRIC MIRROR,OTROS_VARIOS
20979,36 PENCILS TUBE RED SPOTTY,OTROS_VARIOS
20983,12 PENCILS TALL TUBE RED SPOTTY,OTROS_VARIOS
20981,12 PENCILS TALL TUBE WOODLAND,OTROS_VARIOS
20977,36 PENCILS TUBE WOODLAND,OTROS_VARIOS
20974,12 PENCILS SMALL TUBE SKULL,OTROS_VARIOS
21114,LAVENDER SCENTED FABRIC HEART,OTROS_VARIOS
85232A,SET/3 POLKA DOT STACKING TINS,PAPELERIA_EMPAQUE
35971,ROSE FOLKART HEART DECORATIONS,JUGUETES_DECOR
21740,COSY SLIPPER SHOES LARGE RED,OTROS_VARIOS
21624,VINTAGE UNION JACK DOORSTOP,OTROS_VARIOS
21738,COSY SLIPPER SHOES SMALL  RED ,OTROS_VARIOS
22280,POCKET BAG PINK PAISELY BROWN SPOT,PAPELERIA_EMPAQUE
21841,BABY MOUSE RED GINGHAM DRESS,OTROS_VARIOS
21621,VINTAGE UNION JACK BUNTING,PAPELERIA_EMPAQUE
21622,VINTAGE UNION JACK CUSHION COVER,TEXTIL_HOGAR
20750, RED/WHITE DOT MINI CASES,OTROS_VARIOS
82482,WOODEN PICTURE FRAME WHITE FINISH,OTROS_VARIOS
20665,RED SPOTTY PURSE ,OTROS_VARIOS
84837,WHITE SWEETHEARTS CABINET 4 DRAWERS,OTROS_VARIOS
21439,BASKET OF TOADSTOOLS,OTROS_VARIOS
16169D,WRAP WINTER FOREST,PAPELERIA_EMPAQUE
16169C,WRAP BLUE REINDEER,NAVIDAD
21017,RED BIRD HOUSE TREE DECORATION,JUGUETES_DECOR
21210,SET OF 72 RETRO SPOT PAPER  DOILIES,PAPELERIA_EMPAQUE
21039,RED SPOTTY SHOPPING BAG,PAPELERIA_EMPAQUE
21432,SET OF 3 CASES WOODLAND DESIGN,OTROS_VARIOS
21424,WOODLAND STORAGE BOX LARGE ,PAPELERIA_EMPAQUE
21426,WOODLAND STORAGE BOX SMALL,PAPELERIA_EMPAQUE
21891,TRADITIONAL WOODEN SKIPPING ROPE,OTROS_VARIOS
21098,CHRISTMAS TOILET ROLL,NAVIDAD
22415,WHITE TISSUE REAM,OTROS_VARIOS
17165D,ASS COL LARGE SAND FROG P'WEIGHT,OTROS_VARIOS
17165B,ASS COL LARGE SAND GECKO P'WEIGHT,OTROS_VARIOS
85208,SET/12 FUNKY FELT FLOWER PEG IN BAG,PAPELERIA_EMPAQUE
90090,PINK CRYSTAL HEART PHONE CHARM,OTROS_VARIOS
90092,BLUE CRYSTAL BOOT PHONE CHARM,OTROS_VARIOS
16161C,WRAP SPEED DEMONS ,PAPELERIA_EMPAQUE
35160,BUDDHA INCENSE HOLDER ASSORTED,OTROS_VARIOS
17108D,FLOWER FAIRY SUMMER BOUQUET SACHET,OTROS_VARIOS
21805,WHITE CHRISTMAS TREE DECORATION ,NAVIDAD
90125A,PINK BERTIE GLASS BEAD BAG CHARM,PAPELERIA_EMPAQUE
84578,ELEPHANT TOY WITH BLUE T-SHIRT,JUGUETES_DECOR
84901,BLACK FACE LAMB WITH PANTS,OTROS_VARIOS
35931,PINK STAR CHRISTMAS DECORATION,NAVIDAD
35933,PINK STOCKING CHRISTMAS DECORATION,NAVIDAD
90087,CRYSTAL SEA HORSE PHONE CHARM,OTROS_VARIOS
90085,CRYSTAL STILETTO PHONE CHARM,OTROS_VARIOS
90093,CLEAR CRYSTAL STAR PHONE CHARM,OTROS_VARIOS
90084,PINK CRYSTAL GUITAR PHONE CHARM,OTROS_VARIOS
90088,CRYSTAL KEY+LOCK PHONE CHARM,OTROS_VARIOS
21807,WHITE CHRISTMAS STAR DECORATION,NAVIDAD
21806,WHITE CHRISTMAS HEART DECORATION,NAVIDAD
21815, STAR  T-LIGHT HOLDER ,ILUMINACION
21816,CHRISTMAS TREE T-LIGHT HOLDER,NAVIDAD
35051B,PINK BEADED CONE CHRISTMAS,NAVIDAD
22153,ANGEL DECORATION STARS ON DRESS,JUGUETES_DECOR
20943,SET/6 GINGERBREAD STAR T-LIGHTS,ILUMINACION
72816,SET/3 CHRISTMAS DECOUPAGE CANDLES,NAVIDAD
85038,6 CHOCOLATE LOVE HEART T-LIGHTS,ILUMINACION
20978,36 PENCILS TUBE SKULLS,OTROS_VARIOS
20942,SET/6 GINGERBREAD TREE T-LIGHTS,ILUMINACION
84559A,3D SHEET OF DOG STICKERS,OTROS_VARIOS
84466,TOP SECRET PEN SET,OTROS_VARIOS
20994,JAZZ HEARTS SPIRAL NOTEPAD,OTROS_VARIOS
20992,JAZZ HEARTS PURSE NOTEBOOK,OTROS_VARIOS
84077,WORLD WAR 2 GLIDERS ASSTD DESIGNS,OTROS_VARIOS
84029C,BROWN FURRY HOT WATER BOTTLE,OTROS_VARIOS
22336,DOVE DECORATION PAINTED ZINC ,JUGUETES_DECOR
22156,HEART DECORATION WITH PEARLS ,JUGUETES_DECOR
22338,STAR DECORATION PAINTED ZINC ,JUGUETES_DECOR
21825,PAINTED METAL TREE WITH HOLLY BELLS,OTROS_VARIOS
21822,GLITTER CHRISTMAS TREE WITH BELLS,NAVIDAD
22277,COSMETIC BAG VINTAGE ROSE PAISLEY,PAPELERIA_EMPAQUE
35979,SIX STRING SCANDINAVIAN HEART DECS,OTROS_VARIOS
47566,PARTY BUNTING,PAPELERIA_EMPAQUE
21344,MOROCCAN BEATEN METAL DISH,OTROS_VARIOS
21477,STRING OF 20 ROSE LIGHTS,ILUMINACION
85047,WHITE BEADED GARLAND STRING 20LIGHT,ILUMINACION
20681,PINK SPOTTY CHILDS UMBRELLA,OTROS_VARIOS
84648,NEW BAROQUE WALL MIRROR,OTROS_VARIOS
84472,PINK AND LILAC QUILTED THROW ,OTROS_VARIOS
84910A,PINK PAISLEY CUSHION COVER ,TEXTIL_HOGAR
84656,WHITE ROSE C/COVER,OTROS_VARIOS
84580,MOUSE TOY WITH PINK T-SHIRT,JUGUETES_DECOR
84622,PINK GINGHAM ROSE CUSHION COVER,TEXTIL_HOGAR
22151,PLACE SETTING WHITE HEART,PAPELERIA_EMPAQUE
35962,12 ASS ZINC CHRISTMAS DECORATIONS,NAVIDAD
22337,ANGEL DECORATION PAINTED ZINC ,JUGUETES_DECOR
90125C,TURQUOISE BERTIE GLASS BEAD CHARM,OTROS_VARIOS
90125D,PURPLE BERTIE GLASS BEAD BAG CHARM,PAPELERIA_EMPAQUE
90214H,"LETTER ""H"" BLING KEY RING",OTROS_VARIOS
20901,VINTAGE KEEPSAKE BOX PINK FLOWER,PAPELERIA_EMPAQUE
22172,METAL SHELF WITH RAIL ,OTROS_VARIOS
85067,CREAM SWEETHEART WALL CABINET,OTROS_VARIOS
21156,RED SPOTTY CHILDS APRON,TEXTIL_HOGAR
72127,COLUMBIAN CANDLE ROUND ,ILUMINACION
84992,72 SWEETHEART FAIRY CAKE CASES,COCINA_MESA
84929,ASSTD FRUIT+FLOWERS FRIDGE MAGNETS,OTROS_VARIOS
21649,ASSORTED TUTTI FRUTTI PHOTO FRAME,OTROS_VARIOS
21463,MIRRORED DISCO BALL ,OTROS_VARIOS
85162A,SILVER RETRODISC LAMPSHADE,ILUMINACION
21761,WOOD AND GLASS MEDICINE CABINET,OTROS_VARIOS
84839,SWEETHEART KEY CABINET,OTROS_VARIOS
85064,CREAM SWEETHEART LETTER RACK,OTROS_VARIOS
84706C,PINK FLOCK TABLE CLOCK ,OTROS_VARIOS
21804,WHITE CHRISTMAS GARLAND STARS TREES,NAVIDAD
21218,RED SPOTTY BISCUIT TIN,PAPELERIA_EMPAQUE
85103, SILVER T-LIGHT SETTING,ILUMINACION
20894,HANGING BAUBLE T-LIGHT HOLDER LARGE,ILUMINACION
85036C,ROSE 1 WICK MORRIS BOXED CANDLE,ILUMINACION
22162,HEART GARLAND RUSTIC PADDED,OTROS_VARIOS
22297,HEART IVORY TRELLIS SMALL,OTROS_VARIOS
85104,SILVER GLASS T-LIGHT SET,ILUMINACION
84813,SET OF 4 DIAMOND NAPKIN RINGS,OTROS_VARIOS
72799D,BLUE PILLAR CANDLE SILVER FLOCK,ILUMINACION
21741,COSY SLIPPER SHOES LARGE GREEN,OTROS_VARIOS
85071D,CHARLIE+LOLA MY ROOM DOOR SIGN,OTROS_VARIOS
21724,PANDA AND BUNNIES STICKER SHEET,OTROS_VARIOS
21524,SPOTTY  HOME SWEET HOME DOORMAT,TEXTIL_HOGAR
48197,DOOR MAT BIRD ON THE WIRE,OTROS_VARIOS
84684,BEACH HUT PHOTO FRAME,OTROS_VARIOS
20812,EMBOSSED FLOWER TRELLIS PHOTO FRAME,OTROS_VARIOS
22035,VINTAGE CARAVAN GREETING CARD ,PAPELERIA_EMPAQUE
21508,VINTAGE KID DOLLY CARD ,PAPELERIA_EMPAQUE
22027,TEA PARTY BIRTHDAY CARD,PAPELERIA_EMPAQUE
85059,FRENCH ENAMEL WATER BASIN,OTROS_VARIOS
21465,PINK FLOWER CROCHET FOOD COVER,OTROS_VARIOS
21466,RED FLOWER CROCHET FOOD COVER,OTROS_VARIOS
21467,CHERRY CROCHET FOOD COVER,OTROS_VARIOS
21471,STRAWBERRY RAFFIA FOOD COVER,OTROS_VARIOS
21314,SMALL GLASS HEART TRINKET POT,OTROS_VARIOS
84975,HEART SHAPED MIRROR,OTROS_VARIOS
21949,SET OF 6 STRAWBERRY CHOPSTICKS,OTROS_VARIOS
21947,SET OF 6 HEART CHOPSTICKS,OTROS_VARIOS
21528,DAIRY MAID TRADITIONAL TEAPOT ,COCINA_MESA
21548,CERAMIC BIRDHOUSE FINCH BLUE ROOF,JARDIN
21684,SMALL MEDINA STAMPED METAL BOWL ,COCINA_MESA
21549,CERAMIC BIRDHOUSE RED ROOF SMALL,JARDIN
21545,CERAMIC BIRDHOUSE BUTTERFLY SMALL,JARDIN
21547,CERAMIC BIRDHOUSE CRESTED TIT SMALL,JARDIN
85054,FRENCH ENAMEL POT W LID,OTROS_VARIOS
21532,DAIRY MAID SUGAR JAM BOWL,COCINA_MESA
21530,DAIRY MAID CERAMIC TOASTRACK,OTROS_VARIOS
37444A,YELLOW BREAKFAST CUP AND SAUCER,COCINA_MESA
37444B,BLUE BREAKFAST CUP AND SAUCER ,COCINA_MESA
22042,CHRISTMAS CARD SINGING ANGEL,NAVIDAD
84247C,PACK/12 BLUE REINDEER CARD,NAVIDAD
22034,ROBIN CHRISTMAS CARD,NAVIDAD
84754,S/15 SILVER GLASS BAUBLES IN BAG,PAPELERIA_EMPAQUE
21313,GLASS HEART T-LIGHT HOLDER ,ILUMINACION
84509A,ENGLISH ROSE PLACEMATS,OTROS_VARIOS
84510A,SET OF 4 ENGLISH ROSE COASTERS,OTROS_VARIOS
84340,LARGE FIBRE OPTIC CHRISTMAS TREE,NAVIDAD
21625,VINTAGE UNION JACK APRON,TEXTIL_HOGAR
18096C,WHITE ROUND PORCELAIN TLIGHT HOLDER,ILUMINACION
85147,JARDIN ETCHED GLASS CANDLEHLDR LONG,ILUMINACION
37444C,PINK BREAKFAST CUP AND SAUCER ,COCINA_MESA
85055,FRENCH ENAMEL UTENSIL HOLDER,OTROS_VARIOS
85028L,FRENCH CHATEAU LARGE FRUIT BOWL ,COCINA_MESA
85028S,FRENCH CHATEAU SMALL FRUITBOWL,COCINA_MESA
21214,SET OF 72 IVORY PAPER DOILIES,PAPELERIA_EMPAQUE
84985B,SET OF 72 BLACK PAPER DOILIES ,PAPELERIA_EMPAQUE
84985A,SET OF 72 GREEN PAPER DOILIES,PAPELERIA_EMPAQUE
47021G,SET/6 BEAD COASTERS GAUZE BAG GOLD,PAPELERIA_EMPAQUE
21911,GARDEN METAL SIGN ,JARDIN
21070,VINTAGE BILLBOARD MUG ,COCINA_MESA
21066,VINTAGE RED MUG,COCINA_MESA
21069,VINTAGE BILLBOARD TEA MUG,COCINA_MESA
21986,PACK OF 12 PINK SPOT TISSUES ,OTROS_VARIOS
22325,MOBILE VINTAGE HEARTS ,OTROS_VARIOS
20940,SET/6 GARDEN GNOME T-LIGHT CANDLES,JARDIN
72798C,SET/4 GARDEN ROSE DINNER CANDLE,JARDIN
40018F,CHERRY DESIGN PAPERLANTERNS,ILUMINACION
40018E,TEA TIME PAPER LANTERNS,ILUMINACION
85176,SEWING SUSAN 21 NEEDLE SET,OTROS_VARIOS
21893,POTTING SHED SEED TIN,PAPELERIA_EMPAQUE
21745,GAOLERS KEYS DECORATIVE GARDEN ,JARDIN
17084J,LOVE POTION MASALA INCENSE,OTROS_VARIOS
71279,PINK GLASS CANDLEHOLDER,ILUMINACION
21417,COCKLE SHELL DISH,OTROS_VARIOS
22088,PAPER BUNTING COLOURED LACE,PAPELERIA_EMPAQUE
22093,MOTORING TISSUE BOX,PAPELERIA_EMPAQUE
84288B,SET/2 BLUE  NOODLE BASKETS,OTROS_VARIOS
35924,HANGING FAIRY CAKE DECORATION,COCINA_MESA
20941,FROG CANDLE,ILUMINACION
21553,CERAMIC BIRDHOUSE FINCH BLUE  LARGE,JARDIN
21554,CERAMIC BIRDHOUSE RED ROOF LARGE,JARDIN
22215,CAKE STAND WHITE TWO TIER LACE,COCINA_MESA
21015,DARK BIRD HOUSE TREE DECORATION,JUGUETES_DECOR
21014,SWISS CHALET TREE DECORATION ,JUGUETES_DECOR
21917,SET 12 KIDS  WHITE CHALK STICKS,OTROS_VARIOS
22069, BROWN  PIRATE TREASURE CHEST ,OTROS_VARIOS
47591C,BLUE FAIRY CAKE CHILD'S APRON,COCINA_MESA
21743,STAR PORTABLE TABLE LIGHT ,ILUMINACION
21744,SNOWFLAKE PORTABLE TABLE LIGHT ,ILUMINACION
37501,TEA TIME TEA SET IN GIFT BOX,PAPELERIA_EMPAQUE
21385,IVORY HANGING DECORATION  HEART,JUGUETES_DECOR
85099F,JUMBO BAG STRAWBERRY,PAPELERIA_EMPAQUE
35001G,HAND OPEN SHAPE GOLD,OTROS_VARIOS
84855,BLOKEY SILVER TOOL SET,OTROS_VARIOS
84854,GIRLY PINK TOOL SET,OTROS_VARIOS
21216,"SET 3 RED SPOT TIN TEA,COFFEE,SUGAR",PAPELERIA_EMPAQUE
21243,PINK  SPOTTY PLATE ,COCINA_MESA
21155,RED SPOTTY PEG BAG,PAPELERIA_EMPAQUE
21412,VINTAGE GOLD TINSEL REEL,PAPELERIA_EMPAQUE
72799F,IVORY PILLAR CANDLE GOLD FLOCK,ILUMINACION
72799E,IVORY PILLAR CANDLE SILVER FLOCK,ILUMINACION
72799C,PINK PILLAR CANDLE SILVER FLOCK,ILUMINACION
21499,BLUE SPOTS  WRAP,PAPELERIA_EMPAQUE
21246,RED SPOTTY BIG BOWL,COCINA_MESA
21247,SET OF RED SALAD SERVERS ,OTROS_VARIOS
85136C,RED SHARK HELICOPTER,OTROS_VARIOS
21975,PACK OF 60 DINOSAUR CAKE CASES,COCINA_MESA
21213,PACK OF 72 SKULL CAKE CASES,COCINA_MESA
72807B,SET/3 OCEAN SCENT CANDLE JEWEL BOX,ILUMINACION
72802C,VANILLA SCENT CANDLE JEWELLED BOX,ILUMINACION
72799B,PURPLE PILLAR CANDLE BLACK FLOCK,ILUMINACION
84970L,SINGLE HEART ZINC T-LIGHT HOLDER,ILUMINACION
21768,WALL MOUNTED VINTAGE ORGANISER,OTROS_VARIOS
84984D,ORIENTAL RED C/COVER ,OTROS_VARIOS
84773,RED ROSE AND LACE C/COVER,OTROS_VARIOS
84601A,NEW BAROQUE IVORY CUSHION COVER ,TEXTIL_HOGAR
85174,S/4 CACTI CANDLES,ILUMINACION
71028B,SILVER BLUE EGG T-LIGHT HOLDER,ILUMINACION
84755,COLOUR GLASS T-LIGHT HOLDER HANGING,ILUMINACION
72140F,HAPPY ANNIVERSARY CANDLE LETTERS,ILUMINACION
84950,ASSORTED COLOUR T-LIGHT HOLDER,ILUMINACION
85175,CACTI T-LIGHT CANDLES,ILUMINACION
72487,ROSES WHITE ROUND CANDLE,ILUMINACION
84360,TABLE LAMP WHITE SHADE WOOD BASE,ILUMINACION
21335,LIBRARY LAMP,ILUMINACION
84396,6 HOOK JEWELLERY STAND BLACK DRESS,OTROS_VARIOS
72753A,S/3 FLWR FAIRY LILLY CANDLES,ILUMINACION
72750C,"F.FAIRY S/3 CANDLE/GLASS, ROSE",ILUMINACION
79323GR,GREEN CHERRY LIGHTS,ILUMINACION
22120,WELCOME  WOODEN BLOCK LETTERS,OTROS_VARIOS
85211,S/4 GROOVY CAT MAGNETS,OTROS_VARIOS
84341B,SMALL PINK MAGIC CHRISTMAS TREE,NAVIDAD
22211,WOOD STAMP SET FLOWERS,OTROS_VARIOS
22283,6 EGG HOUSE PAINTED WOOD,OTROS_VARIOS
22187,GREEN CHRISTMAS TREE CARD HOLDER,NAVIDAD
21735,TWO DOOR CURIO CABINET,OTROS_VARIOS
48189,DOOR MAT FRIENDSHIP ,OTROS_VARIOS
48116,DOOR MAT MULTICOLOUR STRIPE,OTROS_VARIOS
79323B,BLACK CHERRY LIGHTS,ILUMINACION
21257,VICTORIAN SEWING BOX MEDIUM,PAPELERIA_EMPAQUE
21767,FRENCH STYLE WIRE DOOR CABINET ,OTROS_VARIOS
85068,CREAM SWEETHEART SHELF + HOOKS,OTROS_VARIOS
22171,3 HOOK PHOTO SHELF ANTIQUE WHITE,OTROS_VARIOS
72349B,SET/6 PURPLE BUTTERFLY T-LIGHTS,ILUMINACION
84596K,JELLY BABIES YELLOW SMALL BOWL,COCINA_MESA
84596E,SMALL LICORICE DES PINK BOWL,COCINA_MESA
84596G,SMALL CHOCOLATES PINK BOWL,COCINA_MESA
37448,CERAMIC CAKE DESIGN SPOTTED MUG,COCINA_MESA
37447,CERAMIC CAKE DESIGN SPOTTED PLATE,COCINA_MESA
22055,MINI CAKE STAND  HANGING STRAWBERY,COCINA_MESA
22062,CERAMIC BOWL WITH LOVE HEART DESIGN,COCINA_MESA
84596B,SMALL DOLLY MIX DESIGN ORANGE BOWL,COCINA_MESA
22347,PIZZA SLICE DISH,OTROS_VARIOS
84507C,BLUE CIRCLES DESIGN MONKEY DOLL,JUGUETES_DECOR
84508A,CAMOFLAGE DESIGN TEDDY,OTROS_VARIOS
79302M,"ART LIGHTS,FUNK MONKEY",ILUMINACION
37502,TEA TIME MUG IN GIFT BOX,COCINA_MESA
84534B,FAIRY CAKE NOTEBOOK A5 SIZE,COCINA_MESA
84535B,FAIRY CAKES NOTEBOOK A6 SIZE,COCINA_MESA
84536B,FAIRY CAKES NOTEBOOK A7 SIZE,COCINA_MESA
21752,GLASS CAKE STAND MIRRORED BASE,COCINA_MESA
17012A,ORIGAMI VANILLA INCENSE/CANDLE SET ,ILUMINACION
17129D,CLEAR COLOUR GLASS GEMS IN BAG,PAPELERIA_EMPAQUE
20616,CHERRY BLOSSOM PASSPORT COVER,OTROS_VARIOS
20618,QUEEN OF THE SKIES PASSPORT COVER ,OTROS_VARIOS
20652,BLUE SPOTTY LUGGAGE TAG ,OTROS_VARIOS
20654,FIRST CLASS LUGGAGE TAG ,OTROS_VARIOS
20659,ECONOMY LUGGAGE TAG,OTROS_VARIOS
20674,GREEN SPOTTY BOWL,COCINA_MESA
20694,FLORAL PINK MONSTER,OTROS_VARIOS
20714,POSY SHOPPER BAG,PAPELERIA_EMPAQUE
20729,RED SPOTTY CANDY BAG,PAPELERIA_EMPAQUE
20739,*USB Office Glitter Lamp,ILUMINACION
20761,BLUE PAISLEY SKETCHBOOK,OTROS_VARIOS
20780,BLACK EAR MUFF HEADPHONES,OTROS_VARIOS
20783,HEART EAR MUFF HEADPHONES,OTROS_VARIOS
20798,CLEAR MILKSHAKE GLASS,OTROS_VARIOS
20799,PINK MILKSHAKE GLASS,OTROS_VARIOS
20832,RED FLOCK LOVE HEART PHOTO FRAME,OTROS_VARIOS
20863,BLUE PATCH PENCIL CASE PINK HEART,OTROS_VARIOS
20865,PATCHWORK PENCIL CASE BUTTERFLY ,OTROS_VARIOS
20886,BOX OF 9 PEBBLE CANDLES,ILUMINACION
20888,SET 3 JARDIN DE FEMME SCENT CANDLES,ILUMINACION
20903,VINTAGE KEEPSAKE BOX TRAVELOGUE,PAPELERIA_EMPAQUE
20980,36 PENCILS TUBE POSY,OTROS_VARIOS
20991,JAZZ HEARTS MAGNETIC MEMO PAD,OTROS_VARIOS
21012,ANTIQUE ALL GLASS CANDLESTICK,ILUMINACION
21025,SPACE FROG,OTROS_VARIOS
21055,TOOL BOX SOFT TOY ,PAPELERIA_EMPAQUE
21064,BOOM BOX SPEAKER BOYS,PAPELERIA_EMPAQUE
21108,FAIRY CAKE FLANNEL ASSORTED COLOUR,COCINA_MESA
21110,LARGE CAKE TOWEL PINK SPOTS,COCINA_MESA
21116,OWL DOORSTOP,OTROS_VARIOS
21134,VICTORIAN METAL POSTCARD CHRISTMAS,NAVIDAD
21145,ANTIQUE GLASS PLACE SETTING,PAPELERIA_EMPAQUE
21154,RED SPOTTY OVEN GLOVE ,OTROS_VARIOS
21160,KEEP OUT GIRLS DOOR HANGER ,OTROS_VARIOS
21164,HOME SWEET HOME METAL SIGN ,OTROS_VARIOS
21165,BEWARE OF THE CAT METAL SIGN ,OTROS_VARIOS
21185, HOME SWEET HOME  BLACKBOARD,OTROS_VARIOS
21191,LARGE WHITE HONEYCOMB PAPER BELL  ,PAPELERIA_EMPAQUE
21198,WHITE HEART CONFETTI IN TUBE,OTROS_VARIOS
21249,WOODLAND  HEIGHT CHART STICKERS ,OTROS_VARIOS
21251,DINOSAUR HEIGHT CHART STICKER SET,OTROS_VARIOS
21255,"FRENCH BOTTLE , LAVENDER",OTROS_VARIOS
21256,"FRENCH BOTTLE, BRASSERIE DES ARTIST",OTROS_VARIOS
21259,VICTORIAN SEWING BOX SMALL ,PAPELERIA_EMPAQUE
21266,VINTAGE SILVER TINSEL REEL,PAPELERIA_EMPAQUE
21283,NATURAL BARK CANDLE SMALL,ILUMINACION
21284,RETRO SPOT CANDLE  SMALL,ILUMINACION
21291,SMALL SPOTTY CHOCOLATE GIFT BAG ,PAPELERIA_EMPAQUE
21328,BALLOONS  WRITING SET ,PAPELERIA_EMPAQUE
21330,WOODLAND ANIMAL  WRITING SET ,PAPELERIA_EMPAQUE
21348,PINK SPOTS CHOCOLATE NESTING BOXES ,PAPELERIA_EMPAQUE
21396,RED SPOTTY EGG CUP ,COCINA_MESA
21444,BLUE CHALET BIRDFEEDER,OTROS_VARIOS
21445,12 PINK ROSE PEG PLACE SETTINGS,PAPELERIA_EMPAQUE
21494,ROTATING LEAVES T-LIGHT HOLDER,ILUMINACION
21506,"FANCY FONT BIRTHDAY CARD, ",PAPELERIA_EMPAQUE
21519,GIN & TONIC DIET GREETING CARD ,PAPELERIA_EMPAQUE
21520,BOOZE & WOMEN GREETING CARD ,PAPELERIA_EMPAQUE
21529,RETRO SPOT CERAMIC TOASTRACK,OTROS_VARIOS
21541,DINOSAURS WATER TRANSFER TATTOOS ,OTROS_VARIOS
21542,WOODLAND WATER TRANSFER TATTOOS ,OTROS_VARIOS
21543,BUTTERFLY WATER TRANSFER TATTOOS ,OTROS_VARIOS
21557,SET OF 6 FUNKY BEAKERS,OTROS_VARIOS
21626,VINTAGE UNION JACK PENNANT,OTROS_VARIOS
21642,ASSORTED TUTTI FRUTTI PEN,OTROS_VARIOS
21643,ASSORTED TUTTI FRUTTI MIRROR,OTROS_VARIOS
21647,ASSORTED TUTTI FRUTTI LARGE PURSE,OTROS_VARIOS
21648,ASSORTED TUTTI FRUTTI SMALL PURSE,OTROS_VARIOS
10123C,HEARTS WRAPPING TAPE ,PAPELERIA_EMPAQUE
10123G,ARMY CAMO WRAPPING TAPE,PAPELERIA_EMPAQUE
10125,MINI FUNKY DESIGN TAPES,OTROS_VARIOS
11001,ASSTD DESIGN RACING CAR PEN,OTROS_VARIOS
15034,PAPER POCKET TRAVELING FAN ,PAPELERIA_EMPAQUE
15044C,PURPLE PAPER PARASOL,PAPELERIA_EMPAQUE
15044D,RED PAPER PARASOL,PAPELERIA_EMPAQUE
15059A,ENGLISH ROSE EDWARDIAN PARASOL,OTROS_VARIOS
21679,SKULLS  STICKERS,OTROS_VARIOS
21687,SILVER PLATE CANDLE BOWL LARGE,COCINA_MESA
21688,SILVER PLATE CANDLE BOWL SMALL,COCINA_MESA
21694,SMALL REGAL  SILVER CANDLEPOT ,ILUMINACION
21704,BAG 250g SWIRLY MARBLES,PAPELERIA_EMPAQUE
21719,LOVELY BONBON STICKER SHEET,OTROS_VARIOS
21721,CANDY SHOP  STICKER SHEET,OTROS_VARIOS
21722,SWEET PUDDING STICKER SHEET,OTROS_VARIOS
21725,SWEETIES  STICKERS,OTROS_VARIOS
21746,SMALL RED SPOT  WINDMILL,OTROS_VARIOS
21773,DECORATIVE ROSE BATHROOM BOTTLE,OTROS_VARIOS
21808,"CHRISTMAS GARLAND STARS,TREES",NAVIDAD
21843,RETRO SPOT CAKE STAND,COCINA_MESA
21883,STARS GIFT TAPE ,OTROS_VARIOS
21897,POTTING SHED CANDLE CITRONELLA,ILUMINACION
21899,"KEY FOB , GARAGE DESIGN",OTROS_VARIOS
21935,SUKI  SHOULDER BAG,PAPELERIA_EMPAQUE
21942,SKULLS DESIGN FLANNEL,OTROS_VARIOS
21945,STRAWBERRIES  DESIGN FLANNEL ,OTROS_VARIOS
22054,MINI CAKE STAND HANGING HEARTS,COCINA_MESA
22108,PING! MICROWAVE PLATE,COCINA_MESA
84380,SET OF 3 BUTTERFLY COOKIE CUTTERS,OTROS_VARIOS
22117,METAL SIGN HER DINNER IS SERVED ,OTROS_VARIOS
22133,PINK LOVE HEART SHAPE CUP,COCINA_MESA
22135,LADLE LOVE HEART PINK,OTROS_VARIOS
22141,CHRISTMAS CRAFT TREE TOP ANGEL,NAVIDAD
22144,CHRISTMAS CRAFT LITTLE FRIENDS,NAVIDAD
22173,METAL 4 HOOK HANGER FRENCH CHATEAU,OTROS_VARIOS
22177,5 HOOK BLACKBOARD ORGANISER ,OTROS_VARIOS
22198,"POPCORN HOLDER , LARGE",OTROS_VARIOS
22208,WOOD STAMP SET THANK YOU,OTROS_VARIOS
22224,WHITE LOVEBIRD LANTERN,ILUMINACION
22261,FELT EGG COSY WHITE RABBIT ,OTROS_VARIOS
22262,FELT EGG COSY CHICKEN,OTROS_VARIOS
22286,"DECORATION , WOBBLY RABBIT , METAL ",JUGUETES_DECOR
22288,"DECORATION , HANGING METAL RABBIT",JUGUETES_DECOR
22289,"DECORATION , HANGING METAL CHICKEN",JUGUETES_DECOR
22311,OFFICE MUG WARMER BLACK+SILVER ,COCINA_MESA
22312,OFFICE MUG WARMER POLKADOT,COCINA_MESA
22324,BLUE POLKADOT KIDS BAG,PAPELERIA_EMPAQUE
30086C,ASSORTED FRUIT STRAWS,OTROS_VARIOS
35471A,SET OF 3 BIRD L.BLUE FEATHER,OTROS_VARIOS
35471D,SET OF 3 BIRD LIGHT PINK FEATHER ,ILUMINACION
35594,WOODEN CHRISTMAS TREE 3 HANGING,NAVIDAD
35598B,BLACK CHRISTMAS TREE 60CM,NAVIDAD
35599D,PINK AND WHITE CHRISTMAS TREE 120CM,NAVIDAD
35600D,PINK AND WHITE CHRISTMAS TREE 180CM,NAVIDAD
35961,FOLKART ZINC HEART CHRISTMAS DEC,NAVIDAD
37422,WHITE WITH BLACK CATS BOWL,COCINA_MESA
37462B,"PET MUG, BUDGIE",COCINA_MESA
37464,ROBOT MUG IN DISPLAY BOX,COCINA_MESA
37489C,GREEN/BLUE FLOWER DESIGN BIG MUG,COCINA_MESA
37508,NEW ENGLAND CERAMIC CAKE SERVER,COCINA_MESA
47471,RAINBOW PEGS PHOTO CLIP STRING,OTROS_VARIOS
47587A,PINK FAIRY CAKE COASTER,COCINA_MESA
47598,NEW ENGLAND EGG WARMER,OTROS_VARIOS
51014A,"FEATHER PEN,HOT PINK",OTROS_VARIOS
51014C,"FEATHER PEN,COAL BLACK",OTROS_VARIOS
71143,SILVER BOOK MARK WITH BEADS,OTROS_VARIOS
72051S,BAG OF SILVER STONES,PAPELERIA_EMPAQUE
72598,SET/12 TAPER CANDLES,ILUMINACION
72800A,S/4 BLACK DINNER CANDLE SILVER FLOC,ILUMINACION
72807A,SET/3 ROSE CANDLE IN JEWELLED BOX,ILUMINACION
72807C,SET/3 VANILLA SCENTED CANDLE IN BOX,ILUMINACION
77081,FLOWER WINDMILL,OTROS_VARIOS
79026B,"S/4 ICON COASTER,ELVIS LIVES",OTROS_VARIOS
79030A,"TUMBLER, ENGLISH ROSE",OTROS_VARIOS
79160,HEART SHAPE WIRELESS DOORBELL,OTROS_VARIOS
79164,BLACK WINE GLASS,OTROS_VARIOS
79303D,LILAC FLOWER BLOCK TABLE LAMP,ILUMINACION
82076,BEECH WOOD PHOTO FRAME ,OTROS_VARIOS
82093,HEART SHAPE BUTTON FRAME ,OTROS_VARIOS
82553,POP'S GREASY SPOON METAL SIGN,OTROS_VARIOS
82578,KITCHEN METAL SIGN,COCINA_MESA
82583,HOT BATHS METAL SIGN,OTROS_VARIOS
82607C,GLASS BONBON JAR. SUPERFINES,OTROS_VARIOS
82613B,"METAL SIGN,CUPCAKE SINGLE HOOK",COCINA_MESA
84006,MAGIC TREE -PAPER FLOWERS,PAPELERIA_EMPAQUE
84030C,KNITTED RAINBOW HOT WATER BOTTLE,OTROS_VARIOS
84251G,"GREETING CARD, OVERCROWDED POOL.",PAPELERIA_EMPAQUE
84279B,CHERRY BLOSSOM DECORATIVE FLASK,OTROS_VARIOS
84313B,BLUE TV TRAY TABLE ,OTROS_VARIOS
84378,SET OF 3 HEART COOKIE CUTTERS,OTROS_VARIOS
84459A,PINK METAL CHICKEN HEART ,OTROS_VARIOS
84510B,SET OF 4 FAIRY CAKES COASTERS ,COCINA_MESA
84535A,ENGLISH ROSE NOTEBOOK A6 SIZE,OTROS_VARIOS
84536A,ENGLISH ROSE NOTEBOOK A7 SIZE,OTROS_VARIOS
84558A,3D DOG PICTURE PLAYING CARDS,PAPELERIA_EMPAQUE
84673B,BLUE FLY SWAT,OTROS_VARIOS
84686,BEACH HUT MIRROR,OTROS_VARIOS
84750A,PINK SMALL GLASS CAKE STAND,COCINA_MESA
84877B,GREEN ROUND COMPACT MIRROR,OTROS_VARIOS
84902,PINK KNITTED COW STUFFED TOY,JUGUETES_DECOR
84926C,FAIRY CAKES TILE COASTER,COCINA_MESA
84931A,PINK SCOTTIE DOG W FLOWER PATTERN,OTROS_VARIOS
84937,KASHMIR FOLKART TUMBLERS,OTROS_VARIOS
84944,SET OF 6 KASHMIR FOLKART BAUBLES,OTROS_VARIOS
85015,SET OF 12  VINTAGE POSTCARD SET,PAPELERIA_EMPAQUE
85016,SET OF 6 VINTAGE NOTELETS KIT,OTROS_VARIOS
85017A,ENVELOPE 50 ROMANTIC IMAGES,OTROS_VARIOS
85017C,ENVELOPE 50 CURIOUS IMAGES,OTROS_VARIOS
85026B,EAU DE NILE JEWELLED T-LIGHT HOLDER,ILUMINACION
85031A,ROMANTIC IMAGES SCRAP BOOK SET,OTROS_VARIOS
85031B,BLOSSOM IMAGES SCRAP BOOK SET,OTROS_VARIOS
85031C,CURIOUS IMAGES SCRAP BOOK SET,OTROS_VARIOS
85033G,SET/6 GOLD REINDEER T-LIGHT CANDLES,NAVIDAD
85034B,3 WHITE CHOC MORRIS BOXED CANDLES,ILUMINACION
85039A,SET/4 RED MINI ROSE CANDLE IN BOWL,COCINA_MESA
85086A,CANDY SPOT HEART DECORATION,JUGUETES_DECOR
85112,S/3 TEAR DROP CUT GLASS DECORATION,JUGUETES_DECOR
85114B,IVORY ENCHANTED FOREST PLACEMAT,OTROS_VARIOS
85116,BLACK CANDELABRA T-LIGHT HOLDER,ILUMINACION
85129D,BEADED CRYSTAL HEART PINK SMALL,OTROS_VARIOS
85130A,BEADED PEARL HEART WHITE LARGE,OTROS_VARIOS
85135B,BLUE DRAGONFLY HELICOPTER,OTROS_VARIOS
85136A,YELLOW SHARK HELICOPTER,OTROS_VARIOS
85180B,PINK HEARTS LIGHT CHAIN ,ILUMINACION
85184C,S/4 VALENTINE DECOUPAGE HEART BOX,PAPELERIA_EMPAQUE
85184D,S/4 BLUE ROUND DECOUPAGE BOXES,PAPELERIA_EMPAQUE
85185B,PINK HORSE SOCK PUPPET,OTROS_VARIOS
85185D,FROG SOCK PUPPET,OTROS_VARIOS
85186A,EASTER BUNNY GARLAND OF FLOWERS,OTROS_VARIOS
85186C,BUNNY EGG GARLAND,OTROS_VARIOS
85199S,SMALL HANGING IVORY/RED WOOD BIRD,OTROS_VARIOS
85217,ASSORTED ICE CREAM FRIDGE MAGNETS,OTROS_VARIOS
90000D,COPPER/OLIVE GREEN FLOWER NECKLACE,OTROS_VARIOS
90005A,JADE GREEN ENAMEL HAIR COMB,OTROS_VARIOS
90039D,FIRE POLISHED GLASS BRACELET GREEN,OTROS_VARIOS
90040D,MURANO STYLE GLASS BRACELET PINK,OTROS_VARIOS
90081C,LILY BROOCH OLIVE COLOUR,OTROS_VARIOS
90120C,GREEN MURANO TWIST BRACELET,OTROS_VARIOS
90158,ST TROPEZ NECKLACE,OTROS_VARIOS
90171,DAISY RING,OTROS_VARIOS
90175C,BLUE GLASS CHUNKY CHARM BRACELET,OTROS_VARIOS
90184B,AMETHYST CHUNKY BEAD BRACELET W STR,OTROS_VARIOS
90188,DROP EARRINGS W FLOWER & LEAF,OTROS_VARIOS
90192,JADE DROP EARRINGS W FILIGREE,OTROS_VARIOS
90206C,CRYSTAL DIAMANTE STAR BROOCH,OTROS_VARIOS
90208,PAIR OF ENAMEL FLOWER CLUSTER SLIDE,OTROS_VARIOS
DCGS0058,MISO PRETTY  GUM,OTROS_VARIOS
DCGS0068,DOGS NIGHT COLLAR,OTROS_VARIOS
DOT,DOTCOM POSTAGE,OTROS_VARIOS
85090,CANDY SPOT APRON,TEXTIL_HOGAR
21121,SET/10 RED SPOTTY PARTY CANDLES,ILUMINACION
90167,BEADED LOVE HEART JEWELLERY SET,OTROS_VARIOS
72023F,RED ORGANIC CANDLE IN GLASS,ILUMINACION
85172,HYACINTH BULB T-LIGHT CANDLES,ILUMINACION
21469,POLKA DOT RAFFIA FOOD COVER,OTROS_VARIOS
21898,POTTING SHED ROSE CANDLE,ILUMINACION
20771,CHRYSANTHEMUM  JOURNAL,OTROS_VARIOS
72815,3 WICK CHRISTMAS BRIAR CANDLE ,NAVIDAD
47504G,ENGLISH ROSE TAPE MEASURE,OTROS_VARIOS
84986B,SET OF 36 SILVER PAPER DOILIES,PAPELERIA_EMPAQUE
20684,STRAWBERRY DREAM CHILDS UMBRELLA,OTROS_VARIOS
85006,SET 4 NURSERY DES ROUND BOXES,PAPELERIA_EMPAQUE
85199L,LARGE HANGING IVORY & RED WOOD BIRD,OTROS_VARIOS
21556,CERAMIC STRAWBERRY MONEY BOX,PAPELERIA_EMPAQUE
82081,PINK HEARTS PHOTO ALBUM,OTROS_VARIOS
47504E,ENGLISH ROSE SCISSORS,OTROS_VARIOS
84934,ASSTD DESIGN POP ART SLIM PEN,OTROS_VARIOS
21877,HOME SWEET HOME MUG,COCINA_MESA
21398,RED  SPOTTY COFFEE  MUG,COCINA_MESA
16161U,"WRAP,SUKI AND FRIENDS",PAPELERIA_EMPAQUE
21497,FANCY FONTS BIRTHDAY WRAP,PAPELERIA_EMPAQUE
22051,BLUE SCANDINAVIAN PAISLEY WRAP,PAPELERIA_EMPAQUE
22116,METAL SIGN HIS DINNER IS SERVED,OTROS_VARIOS
21042,RED SPOTTY APRON ,TEXTIL_HOGAR
20615,BLUE SPOTTY PASSPORT COVER,OTROS_VARIOS
20887,BOX OF 6 PEBBLE CANDLES,ILUMINACION
20913,SET/5 BLUE SPOTTY LID GLASS BOWLS,COCINA_MESA
21560,TOADSTOOL  LUNCHBOX WITH CUTLERY,PAPELERIA_EMPAQUE
35004G,SET OF 3 GOLD FLYING DUCKS,OTROS_VARIOS
71053,WHITE METAL LANTERN,ILUMINACION
72349b,SET/6 PURPLE BUTTERFLY T-LIGHTS,ILUMINACION
72529w,WHITE ADVENT CANDLE,NAVIDAD
72807c,SET/3 VANILLA SCENTED CANDLE IN BOX,ILUMINACION
79072,TEATIME CAKE TIN WITH HANDLE,COCINA_MESA
84797b,BLUE SAVANNAH PICNIC HAMPER FOR 4,OTROS_VARIOS
22165,"DIAMANTE HEART SHAPED WALL MIRROR, ",OTROS_VARIOS
22166,"WALL MIRROR , RECT DIAMANTE, PINK/",OTROS_VARIOS
37340,MULTICOLOUR SPRING FLOWER MUG,COCINA_MESA
84872a,TEATIME FUNKY FLOWER BACKPACK FOR 2,OTROS_VARIOS
84873a,FUNKY FLOWER PICNIC BAG FOR 4,PAPELERIA_EMPAQUE
85114b,IVORY ENCHANTED FOREST PLACEMAT,OTROS_VARIOS
18096c,WHITE ROUND PORCELAIN TLIGHT HOLDER,ILUMINACION
21192,WHITE BELL HONEYCOMB PAPER ,PAPELERIA_EMPAQUE
84797a,PINK HAWAIIAN PICNIC HAMPER FOR 4,OTROS_VARIOS
85014b,RED/WHITE DOTS RUFFLED UMBRELLA,OTROS_VARIOS
85132a,CHARLIE + LOLA BISCUITS TINS,PAPELERIA_EMPAQUE
18098c,PORCELAIN BUTTERFLY OIL BURNER,OTROS_VARIOS
20661,BLUE SPOTTY PURSE ,OTROS_VARIOS
48173c,DOOR MAT BLACK FLOCK ,OTROS_VARIOS
79070b,ENGLISH ROSE SQUARE CAKE TINS,COCINA_MESA
84030c,KNITTED RAINBOW HOT WATER BOTTLE,OTROS_VARIOS
84558a,3D DOG PICTURE PLAYING CARDS,PAPELERIA_EMPAQUE
21478,SILVER SKULL HOT WATER BOTTLE ,OTROS_VARIOS
22058,CERAMIC LOVE HEARTS DESIGN MUG,COCINA_MESA
22308,TEA COSY BLUE STRIPE,OTROS_VARIOS
47518f,ICON PLACEMAT POP ART ELVIS,OTROS_VARIOS
15056bl,EDWARDIAN PARASOL BLACK,OTROS_VARIOS
21153,RED SPOTTY TABLECLOTH ,OTROS_VARIOS
21189,WHITE HONEYCOMB PAPER GARLAND ,PAPELERIA_EMPAQUE
21307,SET/4 BUTTERFLY MIRROR MAGNETS,OTROS_VARIOS
35004c,SET OF 3 COLOURED  FLYING DUCKS,OTROS_VARIOS
17181,CIRCLE OF FRIENDS CANDLE HOLDER,ILUMINACION
21596,Hypochondriac Pill Stress Ball,OTROS_VARIOS
21658,GLASS  BEURRE DISH,OTROS_VARIOS
35965,FOLKART HEART NAPKIN RINGS,OTROS_VARIOS
84796b,BLUE SAVANNAH PICNIC HAMPER FOR 2,OTROS_VARIOS
85040a,S/4 PINK FLOWER CANDLES IN BOWL,COCINA_MESA
85127,SMALL SQUARE CUT GLASS CANDLESTICK,ILUMINACION
85164b,BLACK BAROQUE CUCKOO CLOCK,OTROS_VARIOS
M,Manual,OTROS_VARIOS
21349,IVY HEART WREATH,OTROS_VARIOS
21914,BLUE HARMONICA IN BOX ,PAPELERIA_EMPAQUE
22164,STRING OF STARS CARD HOLDER,PAPELERIA_EMPAQUE
21200,MULTICOLOUR HONEYCOMB PAPER GARLAND,PAPELERIA_EMPAQUE
21201,TROPICAL  HONEYCOMB PAPER GARLAND ,PAPELERIA_EMPAQUE
21419,CONCH SHELL,OTROS_VARIOS
22136,LOVE HEART SOCK HANGER,OTROS_VARIOS
84705b,FAIRY CAKES PHOTO FRAME,COCINA_MESA
84767,ZINC POLICE BOX LANTERN,ILUMINACION
20784,RED RETRO BAR STOOL,OTROS_VARIOS
21157,RED SPOTTY WASHBAG,PAPELERIA_EMPAQUE
22200,FRYING PAN PINK POLKADOT ,OTROS_VARIOS
35004s,SET OF 3 SILVER FLYING DUCKS,OTROS_VARIOS
84509c,DOTTY PLACEMATS ,OTROS_VARIOS
84951b,S/4 BLACK LOVEBIRD COASTERS,OTROS_VARIOS
22193,RED DINER WALL CLOCK,OTROS_VARIOS
22340,NOEL GARLAND PAINTED ZINC ,OTROS_VARIOS
35793,S/3 PUPPIES CHRISTMAS DECORATIONS,NAVIDAD
37482p,CUBIC MUG PINK POLKA DOT,COCINA_MESA
79321,CHILLI LIGHTS,ILUMINACION
85114c,RED ENCHANTED FOREST PLACEMAT,OTROS_VARIOS
21820,GLITTER HEART GARLAND WITH BELLS ,OTROS_VARIOS
22318,FIVE HEART HANGING DECORATION,JUGUETES_DECOR
46000P,POLYESTER FILLER PAD 65CMx65CM,OTROS_VARIOS
46000M,POLYESTER FILLER PAD 45x45cm,OTROS_VARIOS
21685,MEDINA STAMPED METAL TRAY ,OTROS_VARIOS
84658,WHITE STITCHED CUSHION COVER,TEXTIL_HOGAR
21692,SILVER LATTICE VANILLA CANDLE POT,ILUMINACION
21691,SILVER VANILLA FLOWER CANDLE POT,ILUMINACION
90199B,5 STRAND GLASS NECKLACE AMETHYST,OTROS_VARIOS
21814,HEART T-LIGHT HOLDER ,ILUMINACION
47570B,TEA TIME TABLE CLOTH,OTROS_VARIOS
20658,RED SPOTTY LUGGAGE TAG,OTROS_VARIOS
21355,TOAST ITS - I LOVE YOU ,OTROS_VARIOS
72814,SET/3 CHRISTMAS BRIAR CANDLES,NAVIDAD
85125,SMALL ROUND CUT GLASS CANDLESTICK,ILUMINACION
85126,LARGE ROUND CUTGLASS CANDLESTICK,ILUMINACION
72529W,WHITE ADVENT CANDLE,NAVIDAD
21795,SET OF 3 BLUE STRIPE BASKET,OTROS_VARIOS
21796,SET OF 3 RED STRIPE BASKETS,OTROS_VARIOS
15036,ASSORTED COLOURS SILK FAN,OTROS_VARIOS
21742,LARGE ROUND WICKER PLATTER ,OTROS_VARIOS
21221,SET/4 BADGES CUTE CREATURES,OTROS_VARIOS
84559B,3D SHEET OF CAT STICKERS,OTROS_VARIOS
84559D,3D SHEET OF SEA WORLD STICKERS,OTROS_VARIOS
15056P,EDWARDIAN PARASOL PINK,OTROS_VARIOS
84199,GLOW IN DARK DOLPHINS,OTROS_VARIOS
17003,BROCADE RING PURSE ,OTROS_VARIOS
16238,PARTY TIME PENCIL ERASERS,OTROS_VARIOS
35085E,IVORY ROSE LAMPSHADE ,ILUMINACION
10120,DOGGY RUBBER,OTROS_VARIOS
17164B,ASS COL SMALL SAND GECKO P'WEIGHT,OTROS_VARIOS
20723,STRAWBERRY CHARLOTTE BAG,PAPELERIA_EMPAQUE
47503K,ASSORTED FLORAL SECATEURS,OTROS_VARIOS
47503J,SET/3 FLORAL GARDEN TOOLS IN BAG,JARDIN
20686,DOLLY MIXTURE CHILDREN'S UMBRELLA,JUGUETES_DECOR
22167,"WALL MIRROR , DIAMANTE OVAL SHAPE",OTROS_VARIOS
47594B,SCOTTIES DESIGN WASHBAG,PAPELERIA_EMPAQUE
47556B,TEA TIME TEA TOWELS ,TEXTIL_HOGAR
84987,SET OF 36 TEATIME PAPER DOILIES,PAPELERIA_EMPAQUE
85008,SET OF 3 CONEY ISLAND OVAL BOXES,PAPELERIA_EMPAQUE
84709B,PINK OVAL JEWELLED MIRROR,OTROS_VARIOS
35095A,BLUE VICTORIAN FABRIC OVAL BOX,PAPELERIA_EMPAQUE
82581,TOILET METAL SIGN,OTROS_VARIOS
20830,SILVER PHOTO FRAME,OTROS_VARIOS
35095B,RED VICTORIAN FABRIC OVAL BOX,PAPELERIA_EMPAQUE
20831,GOLD PHOTO FRAME,OTROS_VARIOS
84533B,FAIRY CAKES ROUND NESTING BOXES,COCINA_MESA
84792,ENCHANTED BIRD COATHANGER 5 HOOK,OTROS_VARIOS
21272,SALLE DE BAIN HOOK,OTROS_VARIOS
84406B,CREAM CUPID HEARTS COAT HANGER,COCINA_MESA
22214,CANDLE PLATE LACE WHITE,COCINA_MESA
90010E,AMBER GLASS/SILVER BRACELET,OTROS_VARIOS
90178A,AMBER CHUNKY GLASS+BEAD NECKLACE,OTROS_VARIOS
84814B,RHOMBUS CRYSTAL PERFUME BOTTLE,OTROS_VARIOS
85036B,CHOCOLATE 1 WICK MORRIS BOX CANDLE,ILUMINACION
79328,BLUE FLOCK GLASS CANDLEHOLDER,ILUMINACION
22044,CHRISTMAS CARD STACK OF PRESENTS,NAVIDAD
18098C,PORCELAIN BUTTERFLY OIL BURNER,OTROS_VARIOS
21112,"SWISS ROLL TOWEL, PINK  SPOTS",TEXTIL_HOGAR
21111,"SWISS ROLL TOWEL, CHOCOLATE  SPOTS",TEXTIL_HOGAR
85034A,3 GARDENIA MORRIS BOXED CANDLES,JARDIN
21640,ASSORTED TUTTI FRUTTI  FOB NOTEBOOK,OTROS_VARIOS
20716,PARTY FOOD SHOPPER BAG,PAPELERIA_EMPAQUE
20730,STRAWBERRY CANDY BAG,PAPELERIA_EMPAQUE
37343,SPOTS DESIGN MUG W PINK INSIDE,COCINA_MESA
22231,JIGSAW TREE WITH BIRDHOUSE,JARDIN
21031,SPACE CADET BLACK,OTROS_VARIOS
21589,SWALLOW GIANT TUBE MATCHES,OTROS_VARIOS
20683,,SIN_DESCRIPCION
20770,ABSTRACT CIRCLE JOURNAL ,OTROS_VARIOS
22023,EMPIRE BIRTHDAY CARD,PAPELERIA_EMPAQUE
21839,MUMMY MOUSE RED GINGHAM RIBBON,PAPELERIA_EMPAQUE
20776,ABSTRACT CIRCLES NOTEBOOK,OTROS_VARIOS
20679,EDWARDIAN PARASOL RED,OTROS_VARIOS
22191,EAU DE NIL DINER WALL CLOCK,OTROS_VARIOS
22192,BLUE DINER WALL CLOCK,OTROS_VARIOS
82597,BOMBS AWAY METAL SIGN,OTROS_VARIOS
21350,,SIN_DESCRIPCION
35956,lost,OTROS_VARIOS
40016,CHINESE DRAGON PAPER LANTERNS,ILUMINACION
15044B,BLUE PAPER PARASOL ,PAPELERIA_EMPAQUE
35605A,damages,OTROS_VARIOS
79323G,GOLD  CHERRY LIGHTS,ILUMINACION
84358,FLOOR LAMP SHADE WOOD BASE,ILUMINACION
22101,MIRROR MOSAIC VOTIVE HOLDER,OTROS_VARIOS
84920,PINK FLOWER FABRIC PONY,OTROS_VARIOS
21811,CHRISTMAS HANGING HEART WITH BELL,NAVIDAD
16156S,WRAP PINK FAIRY CAKES ,COCINA_MESA
20765,CHRYSANTHEMUM SKETCHBOOK ,OTROS_VARIOS
21137,BLACK RECORD COVER FRAME,OTROS_VARIOS
22246,"GARLAND, MAGIC GARDEN 1.8M",JARDIN
51008,AFGHAN SLIPPER SOCK PAIR,OTROS_VARIOS
21107,CREAM SLICE FLANNEL PINK SPOT ,OTROS_VARIOS
84509B,FAIRY CAKE PLACEMATS,COCINA_MESA
22339,CHRISTMAS TREE PAINTED ZINC ,NAVIDAD
21810,CHRISTMAS HANGING STAR WITH BELL,NAVIDAD
79534,MULTICOLOUR GLASS PLATE,COCINA_MESA
82615,PINK MARSHMALLOW SCARF KNITTING KIT,PAPELERIA_EMPAQUE
21354,TOAST ITS - BEST MUM,OTROS_VARIOS
22095,LADS ONLY TISSUE BOX,PAPELERIA_EMPAQUE
20934,SET/3 POT PLANT CANDLES,ILUMINACION
21610,SET 12 PEAR BOTANICAL T-LIGHTS,ILUMINACION
72802A,ROSE SCENT CANDLE IN JEWELLED BOX,ILUMINACION
35004C,SET OF 3 COLOURED  FLYING DUCKS,OTROS_VARIOS
85220,SMALL FAIRY CAKE FRIDGE MAGNETS,COCINA_MESA
21341,KASBAH LANTERN WITH GLASS ,ILUMINACION
21323,HANGING MEDINA LANTERN LARGE,ILUMINACION
21504,SKULLS GREETING CARD,PAPELERIA_EMPAQUE
21340,CLASSIC METAL BIRDCAGE PLANT HOLDER,OTROS_VARIOS
21347,GOTHIC CARRIAGE LANTERN,ILUMINACION
84947,ANTIQUE SILVER TEA GLASS ENGRAVED,OTROS_VARIOS
22184,CAKE STAND VICTORIAN FILIGREE LARGE,COCINA_MESA
71459,HANGING JAM JAR T-LIGHT HOLDER,ILUMINACION
84371,BIG PINK POODLE,OTROS_VARIOS
21734,SMALL MARAKESH LANTERN ON STICK,ILUMINACION
22181,SNOWSTORM PHOTO FRAME FRIDGE MAGNET,OTROS_VARIOS
21448,12 DAISY PEGS IN WOOD BOX,PAPELERIA_EMPAQUE
22322,BIRD DECORATION GREEN  SPOT,JUGUETES_DECOR
84795C,OCEAN STRIPE HAMMOCK ,OTROS_VARIOS
21304,ARCHED GREY MIRROR,OTROS_VARIOS
35649,VINTAGE BEAD COSMETIC BAG ,PAPELERIA_EMPAQUE
35646,VINTAGE BEAD PINK EVENING BAG,PAPELERIA_EMPAQUE
35651,VINTAGE BEAD PINK SCARF ,OTROS_VARIOS
35648,VINTAGE BEAD PINK PURSE ,OTROS_VARIOS
16212,FUNKY GIRLZ ASST MAGNETIC MEMO PAD,OTROS_VARIOS
35096A,BLUE VICTORIAN FABRIC HEART BOX,PAPELERIA_EMPAQUE
85222,ASSORTED COLOUR SILK COSMETIC PURSE,OTROS_VARIOS
85230F,JASMINE VOTIVE CANDLE,ILUMINACION
21286,RETRO SPOT CANDLE  LARGE,ILUMINACION
21359,RELAX LARGE WOOD LETTERS,OTROS_VARIOS
79191C,RETRO PLASTIC ELEPHANT TRAY,OTROS_VARIOS
22216,T-LIGHT HOLDER WHITE LACE,ILUMINACION
85065,CREAM SWEETHEART TRAYS,OTROS_VARIOS
21703,BAG 125g SWIRLY MARBLES,PAPELERIA_EMPAQUE
21205,MULTICOLOUR 3D BALLS GARLAND,OTROS_VARIOS
84692,BOX OF 24 COCKTAIL PARASOLS,PAPELERIA_EMPAQUE
22049,WRAP CHRISTMAS SCREEN PRINT,NAVIDAD
84926B,SCOTTS ROSES TILE COASTER,OTROS_VARIOS
21464,DISCO BALL ROTATOR BATTERY OPERATED,OTROS_VARIOS
20668,DISCO BALL CHRISTMAS DECORATION,NAVIDAD
21009,ETCHED GLASS STAR TREE DECORATION,JUGUETES_DECOR
84562B,BLUE/WHITE RIBBED MELAMINE JUG,OTROS_VARIOS
75049L,LARGE CIRCULAR MIRROR MOBILE,OTROS_VARIOS
22148,EASTER CRAFT 4 CHICKS ,OTROS_VARIOS
84078A,SET/4 WHITE RETRO STORAGE CUBES ,OTROS_VARIOS
20772,GARDEN PATH JOURNAL,JARDIN
21709,FOLDING UMBRELLA  CHOC/WHITE  SPOT,OTROS_VARIOS
22278,OVERNIGHT BAG VINTAGE ROSE PAISLEY,PAPELERIA_EMPAQUE
84925E,FLOWERS WALL THERMOMETER,OTROS_VARIOS
84925A,WAKE UP COCKEREL WALL THERMOMETER,OTROS_VARIOS
21739,COSY SLIPPER SHOES SMALL GREEN,OTROS_VARIOS
47503F,ASS FLORAL PRINT TORCH,OTROS_VARIOS
90042B,FRESHWATER PEARL BRACELET PINK,OTROS_VARIOS
90042A,FRESHWATER PEARL BRACELET GOLD,OTROS_VARIOS
84989A,75 GREEN FAIRY CAKE CASES,COCINA_MESA
85113,POLKA DOT PISTACHIO PAIL,OTROS_VARIOS
85107,CUT GLASS T-LIGHT HOLDER OCTAGON,ILUMINACION
20976,12 PENCILS SMALL TUBE POSY,OTROS_VARIOS
85049F,BABY BOOM RIBBONS ,PAPELERIA_EMPAQUE
85170C,SET/6 EAU DE NIL BIRD T-LIGHTS,ILUMINACION
85039B,S/4 IVORY MINI ROSE CANDLE IN BOWL,COCINA_MESA
21078,SET/20 STRAWBERRY PAPER NAPKINS ,PAPELERIA_EMPAQUE
84292,,SIN_DESCRIPCION
21981,PACK OF 12 WOODLAND TISSUES ,OTROS_VARIOS
17109A,FLOWER FAIRY INCENSE LILY,OTROS_VARIOS
17109C,FLOWER FAIRY INCENSE ROSE,OTROS_VARIOS
20998,ROSE DU SUD OVEN GLOVE,OTROS_VARIOS
21645,ASSORTED TUTTI FRUTTI ROUND BOX,PAPELERIA_EMPAQUE
21026,SPACE OWL,OTROS_VARIOS
22344,PARTY PIZZA DISH PINK+WHITE SPOT ,OTROS_VARIOS
22346,PARTY PIZZA DISH GREEN+WHITE SPOT ,OTROS_VARIOS
22345,PARTY PIZZA DISH BLUE+WHITE SPOT ,OTROS_VARIOS
22343,PARTY PIZZA DISH RED WHITE SPOT ,OTROS_VARIOS
17084R,ASSORTED INCENSE PACK,OTROS_VARIOS
21838,DADDY MOUSE RED GINGHAM BOW TIE,OTROS_VARIOS
21983,PACK OF 12 BLUE PAISLEY TISSUES ,OTROS_VARIOS
85135A,YELLOW DRAGONFLY HELICOPTER,OTROS_VARIOS
72796A,S/3 ENGLISH LAVENDER SQU CANDLE,ILUMINACION
72796B,S/3 FRENCH VANILLA SQU CANDLE,ILUMINACION
85035C,ROSE 3 WICK MORRIS BOX CANDLE,ILUMINACION
85035A,GARDENIA 3 WICK MORRIS BOXED CANDLE,JARDIN
20869,GOLD FABRIC MIRROR,OTROS_VARIOS
79190B,RETRO PLASTIC POLKA TRAY,OTROS_VARIOS
90214S,"LETTER ""S"" BLING KEY RING",OTROS_VARIOS
90214J,"LETTER ""J"" BLING KEY RING",OTROS_VARIOS
16258B,DAISY ERASERS IN BAG,PAPELERIA_EMPAQUE
20986,BLUE CALCULATOR RULER,OTROS_VARIOS
20985,HEART CALCULATOR,OTROS_VARIOS
37348,SET OF 4 PASTEL STACKING MUGS,COCINA_MESA
72817,SET/2 CHRISTMAS DECOUPAGE CANDLES,NAVIDAD
22279,POCKET BAG BLUE PAISLEY RED SPOT,PAPELERIA_EMPAQUE
21992,VINTAGE PAISLEY STATIONERY SET,OTROS_VARIOS
18097B,BLUE TALL PORCELAIN T-LIGHT HOLDER,ILUMINACION
85221,ASSORTED COLOUR SILK COIN PURSE,OTROS_VARIOS
84526,GIANT BLACK SUNGLASSES,OTROS_VARIOS
22096,PINK PAISLEY SQUARE TISSUE BOX ,PAPELERIA_EMPAQUE
85088,CANDY SPOT HAND BAG,PAPELERIA_EMPAQUE
37474,SET/4 2 TONE EGG SHAPE MIXING BOWLS,COCINA_MESA
21933,PINK VINTAGE PAISLEY PICNIC BAG,PAPELERIA_EMPAQUE
21932,SCANDINAVIAN PAISLEY PICNIC BAG,PAPELERIA_EMPAQUE
84532B,FAIRY CAKES RECTANGLUAR BOXES,COCINA_MESA
21163,DO NOT TOUCH MY STUFF DOOR HANGER ,OTROS_VARIOS
21663,VINTAGE GLASS SUGAR CADDY,OTROS_VARIOS
72811,SMALL ZINC/GLASS CANDLEHOLDER,ILUMINACION
22175,PINK OWL SOFT TOY,JUGUETES_DECOR
22176,BLUE OWL SOFT TOY,JUGUETES_DECOR
84802B,PURPLE ANEMONE ARTIFICIAL FLOWER,OTROS_VARIOS
84597C,RETRO PINK BALL ASHTRAY ,OTROS_VARIOS
84520D,PACK OF 20 FAIRY CAKE PAPER NAPKINS,COCINA_MESA
84925C,FAIRY CAKES  WALL THERMOMETER,COCINA_MESA
82552,WASHROOM METAL SIGN,OTROS_VARIOS
21609,SET 12 LAVENDER  BOTANICAL T-LIGHTS,ILUMINACION
21102,"CANDLE IN JAR COLLAGE , VANILLA",ILUMINACION
20621,ECONOMY PASSPORT COVER ,OTROS_VARIOS
21312,LARGE CHUNKY GLASS ROMAN BOWL,COCINA_MESA
21617,4 LILY  BOTANICAL DINNER CANDLES,ILUMINACION
22123,PING MICROWAVE APRON,TEXTIL_HOGAR
22313,OFFICE MUG WARMER PINK,COCINA_MESA
82616C,MIDNIGHT GLAMOUR SCARF KNITTING KIT,PAPELERIA_EMPAQUE
21253,SET OF PICTURE FRAME  STICKERS,OTROS_VARIOS
47580,TEA TIME DES TEA COSY,OTROS_VARIOS
35599B,BLACK CHRISTMAS TREE 120CM,NAVIDAD
84968E,S/16 VINTAGE BLACK CUTLERY,OTROS_VARIOS
84660C,PINK STITCHED WALL CLOCK,OTROS_VARIOS
79065A,TEATIME ROUND CAKE TINS ,COCINA_MESA
37476,CONDIMENT TRAY 4 BOWLS AND 4 SPOONS,COCINA_MESA
22354,RETRO SPOT PADDED SEAT CUSHION,TEXTIL_HOGAR
84623,PINK GINGHAM ROSE FLOOR CUSHION,TEXTIL_HOGAR
84619,BLUE GINGHAM ROSE QUILT ,OTROS_VARIOS
21628,TRIANGULAR POUFFE VINTAGE ,OTROS_VARIOS
79320, FLAMINGO LIGHTS,ILUMINACION
22227,"DECORATION, HANGING HEART+MIRROR ",JUGUETES_DECOR
84405A,S/3 PINK COL METAL BASKET W HANDLE,OTROS_VARIOS
21729,SMALL MARAKESH METAL  LANTERN ,ILUMINACION
20889,JARDIN DE FEMME SCENTED CANDLE,ILUMINACION
21327,SKULLS WRITING SET ,PAPELERIA_EMPAQUE
21425,SKULLS STORAGE BOX LARGE,PAPELERIA_EMPAQUE
21614,SET OF 12 ROSE BOTANICAL T-LIGHTS,ILUMINACION
21135,VICTORIAN  METAL POSTCARD SPRING,PAPELERIA_EMPAQUE
21106,CREAM SLICE FLANNEL CHOCOLATE SPOT ,OTROS_VARIOS
21007,ETCHED GLASS DROPLET DECORATION,JUGUETES_DECOR
79329,PINK FLOCK GLASS CANDLEHOLDER,ILUMINACION
82616A,BUBBLE GUM SCARF KNITTING KIT,PAPELERIA_EMPAQUE
16012,FOOD/DRINK SPUNGE STICKERS,OTROS_VARIOS
84249D,FAIRY CAKE GREETINGS CARD,COCINA_MESA
22202,MILK PAN PINK RETROSPOT,OTROS_VARIOS
79192A,RETRO PLASTIC 70'S TRAY,OTROS_VARIOS
22046,TEA PARTY  WRAPPING PAPER ,PAPELERIA_EMPAQUE
17033,"BROCADE PURSE,SMALL ARCH BUTTON",OTROS_VARIOS
21882,SKULLS TAPE,OTROS_VARIOS
21884,CAKES AND BOWS GIFT  TAPE,COCINA_MESA
21881,CUTE CATS TAPE,OTROS_VARIOS
21880,RED AND WHITE SPOT TAPE,OTROS_VARIOS
79336,LIGHT PINK FLOCK GLASS CANDLEHOLDER,ILUMINACION
22331,WOODLAND PARTY BAG + STICKER SET,PAPELERIA_EMPAQUE
85097B,BLUE ROCKING SINGING CANARY,OTROS_VARIOS
85111,SILVER GLITTER FLOWER VOTIVE HOLDER,OTROS_VARIOS
21507,"ELEPHANT, BIRTHDAY CARD, ",PAPELERIA_EMPAQUE
22157,ANGEL DECORATION WITH LACE PADDED,JUGUETES_DECOR
84952C,MIRROR LOVE BIRD T-LIGHT HOLDER,ILUMINACION
21518,BANK ACCOUNT  GREETING  CARD ,PAPELERIA_EMPAQUE
84600,NEW BAROQUE JEWELLERY BOX ,PAPELERIA_EMPAQUE
84510C,SET OF 4 POLKADOTS COASTERS,OTROS_VARIOS
17109B,FLOWER FAIRY INCENSE LAVENDER,OTROS_VARIOS
20669,RED HEART LUGGAGE TAG,OTROS_VARIOS
21681,GIANT MEDINA STAMPED METAL BOWL ,COCINA_MESA
84828,JUNGLE POPSICLES ICE LOLLY HOLDERS,OTROS_VARIOS
10138,ASSORTED COLOUR JUMBO PEN,OTROS_VARIOS
35981C,WHITE SNOW SCANDINAVIAN STOCKING ,OTROS_VARIOS
84510F,SET OF 4 NEW ENGLAND COASTERS ,OTROS_VARIOS
20736,PINK MINI TAPE MEASURE ,OTROS_VARIOS
85162C,WHITE RETRODISC LAMPSHADE,ILUMINACION
47579,TEA TIME BREAKFAST BASKET,OTROS_VARIOS
21337,SILVER WASHBAG,PAPELERIA_EMPAQUE
72484,ROSES IN WHITE HEART CANDLE ,ILUMINACION
37494A,FAIRY CAKE CERAMIC BUTTER DISH,COCINA_MESA
20906,VINTAGE NOTEBOOK BEAUTY GIRL,OTROS_VARIOS
85032A,ROMANTIC IMAGES GIFT WRAP SET,PAPELERIA_EMPAQUE
85018D,YULETIDE IMAGES S/6 PAPER BOXES,PAPELERIA_EMPAQUE
84708B,PINK JEWELLED PHOTO FRAME ,OTROS_VARIOS
21391,FRENCH EMROIDR LAVENDER SCENT HEART,OTROS_VARIOS
90035C,"PEARL & SHELL 42""NECKL. IVORY",OTROS_VARIOS
90082A,DIAMANTE BOW BROOCH GREEN COLOUR,OTROS_VARIOS
21077,SET/20 WOODLAND PAPER NAPKINS ,PAPELERIA_EMPAQUE
90035B,"PEARL & SHELL 42""NECKL. PINK",OTROS_VARIOS
79163,BLACK CHAMPAGNE GLASS,OTROS_VARIOS
72779,SET/6 BLACK ROSE T-LIGHT CANDLES,ILUMINACION
85230G,ORANGE VOTIVE CANDLE,ILUMINACION
72024U,LILAC VOTIVE CANDLE,ILUMINACION
84969,ASSORTED COLOUR SET 6 TEASPOONS,OTROS_VARIOS
22309,TEA COSY RED  STRIPE,OTROS_VARIOS
21973,SET OF 36 MUSHROOM PAPER DOILIES,PAPELERIA_EMPAQUE
35918B,BLUE FLORIBUNDA EGG WARMER,OTROS_VARIOS
85032D,YULETIDE IMAGES GIFT WRAP SET,PAPELERIA_EMPAQUE
20990,SPRING FLOWER CHOPSTICKS SET/5,OTROS_VARIOS
35914,PINK CHICK EGG WARMER + EGG CUP,COCINA_MESA
47590A,BLUE HAPPY BIRTHDAY BUNTING,PAPELERIA_EMPAQUE
35610B,BLACK CHRISTMAS FLOCK DROPLET ,NAVIDAD
85164B,BLACK BAROQUE CUCKOO CLOCK,OTROS_VARIOS
85168B,BLACK BAROQUE CARRIAGE CLOCK,OTROS_VARIOS
85168A,WHITE BAROQUE CARRIAGE CLOCK,OTROS_VARIOS
21924,BLUE/CREAM STRIPE FRINGE HAMMOCK,OTROS_VARIOS
84795E,RIO PINK STRIPE HAMMOCK,OTROS_VARIOS
21937,STRAWBERRY   PICNIC BAG,PAPELERIA_EMPAQUE
22047,EMPIRE GIFT WRAP,PAPELERIA_EMPAQUE
21676,FLOWERS  STICKERS,OTROS_VARIOS
85226A,WHITE/BLUE PULL BACK RACING CAR,OTROS_VARIOS
78056,CAMOUFLAGE BACKPACK ON WHEELS,OTROS_VARIOS
21146,ANTIQUE GLASS RIDGED HANGING BALL,OTROS_VARIOS
22084,PAPER CHAIN KIT EMPIRE,PAPELERIA_EMPAQUE
85177,BASKET OF FLOWERS SEWING KIT,OTROS_VARIOS
22097,SWALLOW SQUARE TISSUE BOX,PAPELERIA_EMPAQUE
90125E,AMBER BERTIE GLASS BEAD BAG CHARM,PAPELERIA_EMPAQUE
90129B,TURQUOISE GLASS TASSLE BAG CHARM ,PAPELERIA_EMPAQUE
21552,CERAMIC BIRDHOUSE BLACK ROSE  LARGE,JARDIN
84874B,BLUE TRAVEL FIRST AID KIT,OTROS_VARIOS
72754D,F FAIRY POTPOURRI CUSHIONS SUMMER,TEXTIL_HOGAR
20818,GOLD TEDDY BEAR,OTROS_VARIOS
18007,ESSENTIAL BALM 3.5g TIN IN ENVELOPE,PAPELERIA_EMPAQUE
85185C,COW  SOCK PUPPET,OTROS_VARIOS
21551,CERAMIC BIRDHOUSE BUTTERFLY LARGE,JARDIN
84497,BUTTONS AND STRIPES NOTEBOOK ,OTROS_VARIOS
84625C,BLUE NEW BAROQUE CANDLESTICK CANDLE,ILUMINACION
47592A,CAROUSEL DES CHILD'S OVERALL,OTROS_VARIOS
47593B,SCOTTIES DESIGN BABY BIB,OTROS_VARIOS
21158,MOODY GIRL DOOR HANGER ,OTROS_VARIOS
47420,ASSORTED COLOUR SUCTION CUP HOOK,COCINA_MESA
22170,PICTURE FRAME WOOD TRIPLE PORTRAIT,OTROS_VARIOS
37506,NEW ENGLAND MILK JUG W GIFT BOX,PAPELERIA_EMPAQUE
22129,PARTY CONES CANDY TREE DECORATION,JUGUETES_DECOR
21632,VINTAGE PINK DECORATIVE PARASOL,OTROS_VARIOS
47503G,ASS FLORAL PRINT TAPE MEASURE,OTROS_VARIOS
84620,BLUE GINGHAM ROSE CUSHION COVER,TEXTIL_HOGAR
22341,LOVE GARLAND PAINTED ZINC ,OTROS_VARIOS
22342,HOME GARLAND PAINTED ZINC ,OTROS_VARIOS
72818,CHRISTMAS DECOUPAGE CANDLE,NAVIDAD
90148,LONG SILVER NECKLACE PASTEL FLOWER,OTROS_VARIOS
90139,FLOWER BROOCH 4 ASSORTED COLOURS,OTROS_VARIOS
90203,SILVER CHARM NECKLACE 70CM,OTROS_VARIOS
90180A,BLACK+WHITE NECKLACE W TASSEL,OTROS_VARIOS
90147,CHUNKY SILVER NECKLACE PASTEL FLOWE,OTROS_VARIOS
90155,RESIN NECKLACE W PASTEL BEADS,OTROS_VARIOS
84688,BEACH HUT DESIGN BLACKBOARD,OTROS_VARIOS
21390,FILIGRIS HEART WITH BUTTERFLY,OTROS_VARIOS
35809B,ENAMEL BLUE RIM TEA CONTAINER,OTROS_VARIOS
35810B,ENAMEL BLUE RIM COFFEE CONTAINER,OTROS_VARIOS
90214A,"LETTER ""A"" BLING KEY RING",OTROS_VARIOS
22061,LARGE CAKE STAND  HANGING STRAWBERY,COCINA_MESA
21972,SET OF 36 DINOSAUR PAPER DOILIES,PAPELERIA_EMPAQUE
21211,SET OF 72 SKULL PAPER  DOILIES,PAPELERIA_EMPAQUE
90002E,FLOWER BURST SILVER RING GREEN,OTROS_VARIOS
90002B,FLOWER BURST SILVER RING ROSE,OTROS_VARIOS
90002D,FLOWER BURST SILVER RING CRYSTAL,OTROS_VARIOS
90002C,FLOWER BURST SILVER RING MIDN'T BLU,OTROS_VARIOS
90175D,TIGRIS EYE CHUNKY CHARM BRACELET,OTROS_VARIOS
90190A,SILVER/CRYSTAL DROP EARRINGS W LEAF,OTROS_VARIOS
90072,RUBY DROP CHANDELIER EARRINGS,OTROS_VARIOS
90073,VINTAGE ENAMEL & CRYSTAL EARRINGS,OTROS_VARIOS
47570,ENGLISH ROSE TABLE CLOTH,OTROS_VARIOS
84247K,"FOLK ART GREETING CARD,pack/12",PAPELERIA_EMPAQUE
21468,BUTTERFLY CROCHET FOOD COVER,OTROS_VARIOS
85185F,LION SOCK PUPPET,OTROS_VARIOS
21655,HANGING RIDGE GLASS T-LIGHT HOLDER,ILUMINACION
47556,SET/2 SPOTTY + ROSE TEA TOWELS ,TEXTIL_HOGAR
22210,WOOD STAMP SET BEST WISHES,OTROS_VARIOS
84818,DANISH ROSE PHOTO FRAME,OTROS_VARIOS
21010,ETCHED GLASS BIRD TREE DECORATION,JUGUETES_DECOR
71038,WHITE HANGING BEADS CANDLE HOLDER,ILUMINACION
21873,IF YOU CAN'T STAND THE HEAT MUG,COCINA_MESA
21872,GLAMOROUS  MUG,COCINA_MESA
21874,GIN AND TONIC MUG,COCINA_MESA
85159B,"WHITE TEA,COFFEE,SUGAR JARS",OTROS_VARIOS
85169B,BLACK LOVE BIRD CANDLE,ILUMINACION
85170B,SET/6 BLACK BIRD T-LIGHT CANDLES,ILUMINACION
85212,MINI PAINTED GARDEN DECORATION ,JARDIN
72739C,DARK CHOCOLATE SCENTCANDLE,ILUMINACION
72740A,LARGE STRAWBERRY CHOCOLATE CANDLE,ILUMINACION
81952V,ROUND PURPLE CLOCK W/SUCKER,OTROS_VARIOS
82599,FANNY'S REST STOPMETAL SIGN,OTROS_VARIOS
82613C,"METAL SIGN,CUPCAKE SINGLE HOOK",COCINA_MESA
84711B,PINK OVAL SHAPE TRINKET BOX,PAPELERIA_EMPAQUE
84971S,SMALL HEART FLOWERS HOOK ,OTROS_VARIOS
85098B,BLUE FLYING SINGING CANARY,OTROS_VARIOS
85130D,BEADED CRYSTAL HEART PINK LARGE,OTROS_VARIOS
85135C,RED DRAGONFLY HELICOPTER,OTROS_VARIOS
90018B,GOLD M.O.P ORBIT DROP EARRINGS,OTROS_VARIOS
90065A,WHITE VINTAGE CRYSTAL BRACELET,OTROS_VARIOS
90071,RUBY GLASS CLUSTER EARRINGS,OTROS_VARIOS
90133,TEAL/FUSCHIA COL BEAD NECKLACE,OTROS_VARIOS
90179B,PURPLE FINE BEAD NECKLACE W TASSEL,OTROS_VARIOS
90181B,AMETHYST GLASS/SHELL/PEARL NECKLACE,OTROS_VARIOS
90195A,PURPLE GEMSTONE BRACELET,OTROS_VARIOS
90197B,BLACK GLASS BRACELET W HEART CHARMS,OTROS_VARIOS
90201B,BLACK ENAMEL FLOWER RING,OTROS_VARIOS
90202B,WHITE ENAMEL FLOWER HAIR TIE,OTROS_VARIOS
90211B,JET BLACK LAS VEGAS NECKLACE 45CM,OTROS_VARIOS
21894,POTTING SHED SEED ENVELOPES,PAPELERIA_EMPAQUE
22314,OFFICE MUG WARMER CHOC+BLUE,COCINA_MESA
35609A,PINK FEATHER CHRISTMAS DECORATION,NAVIDAD
37379A,PINK CHERRY BLOSSOM CUP & SAUCER,COCINA_MESA
37423,WHITE WITH BLACK CATS PLATE,COCINA_MESA
37482P,CUBIC MUG PINK POLKA DOT,COCINA_MESA
37492B,BLUE YELLOW FLOWER PIGGY BANK,OTROS_VARIOS
46775A,BUBBLE GUM CHUNKY KNITTED THROW ,OTROS_VARIOS
84081,WHITE CERAMIC PARTY SET (5PCS),OTROS_VARIOS
21665,TRIANGULAR RIDGED GLASS POSY HOLDER,OTROS_VARIOS
21666, RIDGED GLASS T-LIGHT HOLDER,ILUMINACION
21683,MEDIUM MEDINA STAMPED METAL BOWL ,COCINA_MESA
21853,GUMBALL CUSTOM CARS TOP TRUMPS GAME,JUGUETES_DECOR
21860,DR WHO TOP TRUMPS GAME,JUGUETES_DECOR
21936,RED/WHITE SPOT PICNIC BAG,PAPELERIA_EMPAQUE
21974,SET OF 36 PAISLEY FLOWER DOILIES,OTROS_VARIOS
21984,PACK OF 12 PINK PAISLEY TISSUES ,OTROS_VARIOS
21991,BOHEMIAN COLLAGE STATIONERY SET,OTROS_VARIOS
21641,ASSORTED TUTTI FRUTTI KEYRING BALL,OTROS_VARIOS
20996,JAZZ HEARTS ADDRESS BOOK,OTROS_VARIOS
21129,SILVER FISHING GNOME ,OTROS_VARIOS
21144,PINK POODLE HANGING DECORATION ,JUGUETES_DECOR
21195,PINK  HONEYCOMB PAPER BALL ,PAPELERIA_EMPAQUE
21220,SET/4 BADGES DOGS,OTROS_VARIOS
21372,MIRRORED WALL ART TABLE LAMP,ILUMINACION
21384,IVORY HANGING DECORATION  BUTTERFLY,JUGUETES_DECOR
21408,SPOTTY PINK DUCK DOORSTOP,OTROS_VARIOS
16236,KITTY PENCIL ERASERS,OTROS_VARIOS
16243B,BROWN COZY SQUARE PHOTO ALBUM,OTROS_VARIOS
16244A,MAXWELL 2 TONE PINK 60 PAGE PHOTO A,OTROS_VARIOS
17096,ASSORTED LAQUERED INCENSE HOLDERS,OTROS_VARIOS
20617,FIRST CLASS PASSPORT COVER ,OTROS_VARIOS
20620,RED SPOTTY PASSPORT COVER,OTROS_VARIOS
20671,BLUE TEATIME PRINT BOWL ,COCINA_MESA
20672,PINK TEATIME PRINT BOWL,COCINA_MESA
20701,PINK CAT FLORAL CUSHION COVER ,TEXTIL_HOGAR
20737,RED MINI TAPE MEASURE ,OTROS_VARIOS
20845,ZINC HEART LATTICE 2 WALL PLANTER,OTROS_VARIOS
20954,*USB Office Mirror Ball,OTROS_VARIOS
90010B,BLACK/WHITE GLASS/SILVER BRACELET,OTROS_VARIOS
90011D,PURPLE CRYSTAL DROP EARRINGS,OTROS_VARIOS
90013B,BLACK VINTAGE EARRINGS,OTROS_VARIOS
90019A,SILVER M.O.P ORBIT BRACELET,OTROS_VARIOS
90024E,NEW BAROQUE B'FLY NECKLACE MONTANA,OTROS_VARIOS
90025E,BAROQUE BUTTERFLY EARRINGS MONTANA,OTROS_VARIOS
90027D,GLASS BEAD HOOP EARRINGS AMETHYST,OTROS_VARIOS
90033,IVORY SHELL HEART EARRINGS,OTROS_VARIOS
90034,WHITE SILVER NECKLACE SHELL GLASS,OTROS_VARIOS
90059A,DIAMANTE HAIR GRIP PACK/2 CRYSTAL,OTROS_VARIOS
90124A,PINK MURANO TWIST NECKLACE,OTROS_VARIOS
90160B,RED BOUDICCA LARGE BRACELET,OTROS_VARIOS
90161B,ANT COPPER TURQ BOUDICCA BRACELET,OTROS_VARIOS
90161C,ANT COPPER LIME BOUDICCA BRACELET,OTROS_VARIOS
90164B,WHITE  ROSEBUD PEARL BRACELET,OTROS_VARIOS
90181C,BLACK GLASS/SHELL/PEARL NECKLACE,OTROS_VARIOS
90183C,BLACK DROP EARRINGS W LONG BEADS,OTROS_VARIOS
90212B,JET BLACK LAS VEGAS BRACELET ROUND,OTROS_VARIOS
85114C,RED ENCHANTED FOREST PLACEMAT,OTROS_VARIOS
85166A,WHITE METAL BAROQUE PHOTO FRAME,OTROS_VARIOS
10002R,ROBOT PENCIL SHARPNER,OTROS_VARIOS
16202A,PASTEL PINK PHOTO ALBUM ,OTROS_VARIOS
16239,BALLERINA HEART DECORATION.,JUGUETES_DECOR
22230,JIGSAW TREE WITH WATERING CAN,OTROS_VARIOS
22248,DECORATION  PINK CHICK MAGIC GARDEN,JARDIN
22260,FELT EGG COSY BLUE RABBIT ,OTROS_VARIOS
22269,EGG CUP NATURAL CHICKEN,COCINA_MESA
22293,"SPRING DEC , HANGING CHICK  GREEN",OTROS_VARIOS
35096B,RED VICTORIAN FABRIC HEART BOX,PAPELERIA_EMPAQUE
35598D,PINK/WHITE CHRISTMAS TREE 60CM,NAVIDAD
35653,VINTAGE BEAD NOTEBOOK,OTROS_VARIOS
35966,FOLKART CHRISTMAS TREE T-LIGHT HOLD,NAVIDAD
35967,FOLK ART METAL STAR T-LIGHT HOLDER,ILUMINACION
35968,FOLK ART METAL HEART T-LIGHT HOLDER,ILUMINACION
35969,FOLKART CROWN TABLE DECORATIONS,JUGUETES_DECOR
37467,PIG MUG IN TWO COLOUR DESIGNS,COCINA_MESA
47503A,ASS FLORAL PRINT MULTI SCREWDRIVER,OTROS_VARIOS
79051A,SMOKEY GREY COLOUR D.O.F. GLASS,OTROS_VARIOS
79191D,RETRO PLASTIC DAISY TRAY,OTROS_VARIOS
79303B,BLUE STAR BLOCK TABLE LAMP,ILUMINACION
82585,SWEET VALENCIA CANDLE+CUP,COCINA_MESA
82605,OLD DOC.RUSSEL METAL SIGN,OTROS_VARIOS
82613A,"METAL SIGN,CUPCAKE SINGLE HOOK",COCINA_MESA
84429A,MEDIUM PINK BUDDHA HEAD ,OTROS_VARIOS
84569A,PACK 3 IRON ON DOG PATCHES,OTROS_VARIOS
84569C,PACK 4 FLOWER/BUTTERFLY PATCHES,OTROS_VARIOS
84673A,PINK FLY SWAT,OTROS_VARIOS
84683,CLASSICAL ROSE CANDLESTAND,ILUMINACION
84685,BEACH HUT KEY CABINET,OTROS_VARIOS
84712B,PINK JEWELLED PHOTO FRAME,OTROS_VARIOS
84907,PINK/YELLOW PATCH CUSHION COVER,TEXTIL_HOGAR
84913B,MINT GREEN ROSE TOWEL,TEXTIL_HOGAR
85017B,ENVELOPE 50 BLOSSOM IMAGES,OTROS_VARIOS
17039,INLAID WOOD INCENSE HOLDER,OTROS_VARIOS
18094C,WHITE/BLUE RECT CERAMIC OIL BURNER,OTROS_VARIOS
20653,CHERRY BLOSSOM LUGGAGE TAG,OTROS_VARIOS
20735,BLACK MINI TAPE MEASURE ,OTROS_VARIOS
20764,ABSTRACT CIRCLES SKETCHBOOK ,OTROS_VARIOS
20778,GARDEN PATH NOTEBOOK ,JARDIN
20862,PINK PATCH PENCIL CASE BLUE HEART,OTROS_VARIOS
20878,SET/9 CHRISTMAS T-LIGHTS SCENTED ,NAVIDAD
20933,YELLOW POT PLANT CANDLE,ILUMINACION
20950,SET/6  ANGEL T-LIGHTS WHITE/GOLD,ILUMINACION
21040,MODERN VINTAGE COTTON SHOPPING BAG,PAPELERIA_EMPAQUE
21065,BOOM BOX SPEAKER GIRLS,PAPELERIA_EMPAQUE
21193,WHITE HONEYCOMB PAPER FAN ,PAPELERIA_EMPAQUE
21267,VINTAGE PINK TINSEL REEL ,PAPELERIA_EMPAQUE
21294,ETCHED GLASS COASTER,OTROS_VARIOS
21563,RED HEART SHAPE LOVE BUCKET ,OTROS_VARIOS
21595,Dad's Cab Electronic Meter,OTROS_VARIOS
21659,GLASS CAKE STAND,COCINA_MESA
21675,BUTTERFLIES STICKERS,OTROS_VARIOS
21678,PAISLEY PATTERN  STICKERS,OTROS_VARIOS
21717,EASTER TIN BUCKET,PAPELERIA_EMPAQUE
21723,ALPHABET HEARTS STICKER SHEET,OTROS_VARIOS
21775,DECORATIVE FLORE BATHROOM BOTTLE,OTROS_VARIOS
21801,CHRISTMAS TREE DECORATION WITH BELL,NAVIDAD
21802,CHRISTMAS TREE HEART DECORATION,NAVIDAD
21803,CHRISTMAS TREE STAR DECORATION,NAVIDAD
21823,PAINTED METAL HEART WITH HOLLY BELL,OTROS_VARIOS
21824,PAINTED METAL STAR WITH HOLLY BELLS,OTROS_VARIOS
21846,PINK DIAMANTE PEN IN GIFT BOX,PAPELERIA_EMPAQUE
21851,LILAC DIAMANTE PEN IN GIFT BOX,PAPELERIA_EMPAQUE
21944,KITTENS DESIGN FLANNEL,OTROS_VARIOS
22067,CHOC TRUFFLE GOLD TRINKET POT ,OTROS_VARIOS
22094,RED POLKA DOT TISSUE BOX,PAPELERIA_EMPAQUE
22099,CARAVAN SQUARE TISSUE BOX,PAPELERIA_EMPAQUE
22100,SKULLS SQUARE TISSUE BOX,PAPELERIA_EMPAQUE
90029,NEW BAROQUE SMALL NECKLACE BLACK,OTROS_VARIOS
21695,SMALL SILVER FLOWER CANDLE POT,ILUMINACION
21358,TOAST ITS - HAPPY BIRTHDAY,OTROS_VARIOS
21262,WHITE GOOSE FEATHER CHRISTMAS TREE ,NAVIDAD
16202B,PASTEL BLUE PHOTO ALBUM ,OTROS_VARIOS
20905,VINTAGE KEEPSAKE BOX BEAUTY GIRL,PAPELERIA_EMPAQUE
46775B,BERRIES CHUNKY KNITTED THROW ,OTROS_VARIOS
47578A,ENGLISH ROSE SMALL SCENTED FLOWER,OTROS_VARIOS
85151,WELCOME METAL SIGN,OTROS_VARIOS
20693,FLORAL DINOSAUR GREEN,OTROS_VARIOS
84705D,CHERRY BLOSSOM PHOTO FRAME ,OTROS_VARIOS
84247J,PACK/12 RUSSIAN DOLL CARDS,PAPELERIA_EMPAQUE
35241,ENAMEL BLUE RIM BISCUIT BIN,OTROS_VARIOS
22265,EASTER DECORATION NATURAL CHICK,JUGUETES_DECOR
79030G,"TUMBLER, NEW ENGLAND",OTROS_VARIOS
21171,BATHROOM METAL SIGN ,OTROS_VARIOS
85129C,BEADED CRYSTAL HEART BLUE SMALL,OTROS_VARIOS
21388,IVORY HANGING DECORATION  CHICKEN,JUGUETES_DECOR
84705A,ENGLISH ROSE PHOTO FRAME ,OTROS_VARIOS
85163A,WHITE BAROQUE WALL CLOCK ,OTROS_VARIOS
85165,CANDY PINK FRENCH BOUDOIR CLOCK,OTROS_VARIOS
84705F,RED PEONY PHOTO FRAME ,OTROS_VARIOS
21281,VINTAGE KITCHEN PRINT SEAFOOD,COCINA_MESA
21279,VINTAGE KITCHEN PRINT FRUITS,COCINA_MESA
21613,S/12 VANILLA  BOTANICAL T-LIGHTS,ILUMINACION
84690,S/2 BEACH HUT STOOLS,OTROS_VARIOS
21282,NATURAL BARK CANDLE LARGE,ILUMINACION
72351A,SET/6 TURQUOISE BUTTERFLY T-LIGHTS,ILUMINACION
85080,PADDED RED HEART DECORATION,JUGUETES_DECOR
35603C,SET/16 WHITE SHINY & MATT BAUBLES,OTROS_VARIOS
20793,BLUE TILED TRAY,OTROS_VARIOS
84750B,BLACK SMALL GLASS CAKE STAND,COCINA_MESA
84765,SILVER ROCOCO CANDELABRA,OTROS_VARIOS
47563A,RETRO LONGBOARD IRONING BOARD COVER,OTROS_VARIOS
37477B,"FLOWER FAIRY MUG+COASTER,LAVENDER",COCINA_MESA
85025C,PINK HEART SHAPE PHOTO FRAME,OTROS_VARIOS
35911A,MULTICOLOUR RABBIT EGG WARMER,OTROS_VARIOS
82011B,BATHROOM SCALES RUBBER DUCKS,OTROS_VARIOS
21555,CERAMIC STRAWBERRY TRINKET TRAY,OTROS_VARIOS
37327,ASSTD MULTICOLOUR CIRCLES MUG,COCINA_MESA
84875A,PINK SQUARE COMPACT MIRROR,OTROS_VARIOS
35821P,"JEWELLED DECORATION,PINK",JUGUETES_DECOR
62018,SOMBRERO ,OTROS_VARIOS
22220,CAKE STAND LOVEBIRD 2 TIER WHITE,COCINA_MESA
90129C,GREEN GLASS TASSLE BAG CHARM,PAPELERIA_EMPAQUE
20988,TRELLIS FLOWER CHOPSTICKS SET/5,OTROS_VARIOS
84572,6 HOOK JEWEL STAND LILAC DRESS,OTROS_VARIOS
17084N,FAIRY DREAMS INCENSE ,OTROS_VARIOS
21011,GLITTER SNOW PEAR TREE DECORATION,JUGUETES_DECOR
21550,CERAMIC BIRDHOUSE CRESTED TIT LARGE,JARDIN
47569,ENGLISH ROSE DESIGN SHOPPING BAG,PAPELERIA_EMPAQUE
17084G,MOON INCENSE,OTROS_VARIOS
10080,GROOVY CACTUS INFLATABLE,OTROS_VARIOS
21849,SILVER DIAMANTE PEN IN GIFT BOX,PAPELERIA_EMPAQUE
20871,OPULENT VELVET SET/3 CANDLES,ILUMINACION
21118,SHOPPING BAG DOORSTOP,PAPELERIA_EMPAQUE
35751D,PINK CURRENT CANDLE RING,ILUMINACION
72038P,PRICE'S CANDLE PEACH,ILUMINACION
72750A,"F.FAIRY S/3 CANDLE/GLASS,LILY/VALLY",ILUMINACION
35015,JACOBS LADDER SMALL,OTROS_VARIOS
90014C,SILVER/BLACK ORBIT NECKLACE,OTROS_VARIOS
20819,SILVER TEDDY BEAR,OTROS_VARIOS
16202E,BLACK PHOTO ALBUM ,OTROS_VARIOS
16201B,PASTEL BLUE PHOTO ALBUM,OTROS_VARIOS
16201A,PASTEL PINK PHOTO ALBUM,OTROS_VARIOS
20696,FLORAL SOFT CAR TOY,JUGUETES_DECOR
85089,CANDY SPOT BUNNY,OTROS_VARIOS
40046A,RED DAISY PAPER LAMPSHADE,ILUMINACION
22182,CAKE STAND VICTORIAN FILIGREE SMALL,COCINA_MESA
16202C,BEIGE PHOTO ALBUM,OTROS_VARIOS
85224,ASSORTED COLOUR SILK GLASSES CASE,OTROS_VARIOS
22078,RIBBON REEL LACE DESIGN ,PAPELERIA_EMPAQUE
85007,SET OF 3 VINTAGE TEA TIME BOXES,PAPELERIA_EMPAQUE
21076,SET/20 COLLAGE PAPER NAPKIN ,PAPELERIA_EMPAQUE
22059,CERAMIC STRWBERRY DESIGN MUG,COCINA_MESA
84569D,PACK 6 HEART/ICE-CREAM PATCHES,OTROS_VARIOS
22209,WOOD STAMP SET HAPPY BIRTHDAY,OTROS_VARIOS
21402,RED  EGG  SPOON,OTROS_VARIOS
21403,BLUE EGG  SPOON,OTROS_VARIOS
21285,RETRO SPOT CANDLE  MEDIUM,ILUMINACION
17136A,BLUE STONES ON WIRE FOR CANDLE,ILUMINACION
82607A,GLASS BONBON JAR PARFUME AUX FLEURE,OTROS_VARIOS
82607E,GLASS BONBON JAR. D'AMANDES,OTROS_VARIOS
72369A,PINK CLEAR GLASS CANDLE PLATE,COCINA_MESA
72351B,SET/6 PINK  BUTTERFLY T-LIGHTS,ILUMINACION
22228,BUNNY WOODEN PAINTED WITH BIRD ,OTROS_VARIOS
21438,TUB 24 HANGING EASTER EGGS SPOTTY,OTROS_VARIOS
22270,HAPPY EASTER HANGING DECORATION,JUGUETES_DECOR
22284,HEN HOUSE DECORATION,JUGUETES_DECOR
21206,STRAWBERRY HONEYCOMB  GARLAND ,OTROS_VARIOS
21203,BUTTERFLIES  HONEYCOMB GARLAND,OTROS_VARIOS
21188,3D HEARTS  HONEYCOMB PAPER GARLAND,PAPELERIA_EMPAQUE
85179C,PINK BITTY LIGHT CHAIN,ILUMINACION
85179A,GREEN BITTY LIGHT CHAIN,ILUMINACION
85180A,RED HEARTS LIGHT CHAIN ,ILUMINACION
21123,SET/10 IVORY SPOTTY PARTY CANDLES,ILUMINACION
85185E,DUCK SOCK PUPPET,OTROS_VARIOS
16169M,WRAP DAISY CARPET ,PAPELERIA_EMPAQUE
21629,SQUARE FLOOR CUSHION VINTAGE PINK ,TEXTIL_HOGAR
21769,VINTAGE POST OFFICE CABINET,OTROS_VARIOS
85069,CREAM SWEETHEART DOUBLE SHELF,OTROS_VARIOS
21696,SMALL SILVER TRELLIS CANDLEPOT,ILUMINACION
21693,SMALL HAMMERED SILVER CANDLEPOT ,ILUMINACION
21651,HANGING GLASS ETCHED TEALIGHT,ILUMINACION
84993B,75 BLACK PETIT FOUR CASES,OTROS_VARIOS
85040A,S/4 PINK FLOWER CANDLES IN BOWL,COCINA_MESA
90083,CRYSTAL CZECH CROSS PHONE CHARM,OTROS_VARIOS
16215,FUNKY GIRLZ MAGNETIC TO DO LIST ,OTROS_VARIOS
21380,WOODEN HAPPY BIRTHDAY GARLAND,OTROS_VARIOS
15039,SANDALWOOD FAN,OTROS_VARIOS
84627,CANDY STRIPE ROSE C/COVER ,OTROS_VARIOS
21276,TWO EMBOSSED HEART MINI DRAWERS,OTROS_VARIOS
22310,KNITTED MUG COSY IVORY COLOUR ,COCINA_MESA
21620,S/4 ROSE    BOTANICAL  CANDLE,ILUMINACION
21690,SILVER  CANDLEPOT JARDIN ,ILUMINACION
84537B,FAIRY CAKES GIFT BAG,COCINA_MESA
22033,BOTANICAL ROSE GREETING CARD,PAPELERIA_EMPAQUE
22032,BOTANICAL LILY GREETING CARD,PAPELERIA_EMPAQUE
16161M,WRAP  PINK FLOCK,PAPELERIA_EMPAQUE
21450,DISTRESSED CANDLE STICK WHITE,ILUMINACION
84763,ZINC FINISH 15CM PLANTER POTS,OTROS_VARIOS
35810A,ENAMEL PINK COFFEE CONTAINER,OTROS_VARIOS
35809A,ENAMEL PINK TEA CONTAINER,OTROS_VARIOS
35811A,ENAMEL PINK SUGAR CONTAINER,OTROS_VARIOS
21054,NURSE'S BAG SOFT TOY,PAPELERIA_EMPAQUE
21056,DOCTOR'S BAG SOFT TOY,PAPELERIA_EMPAQUE
20702,PINK PADDED MOBILE,OTROS_VARIOS
21303,FILIGREE WALL MIRROR  ANTIQUE WHITE,OTROS_VARIOS
85131A,BEADED PEARL HEART WHITE ON STICK,OTROS_VARIOS
21657,MILK BOTTLE WITH GLASS STOPPER ,OTROS_VARIOS
85078,SCANDINAVIAN 3 HEARTS NAPKIN RING,OTROS_VARIOS
84745A,PINK HANGING GINGHAM EASTER HEN,OTROS_VARIOS
84745B,BLUE HANGING GINGHAM EASTER HEN,OTROS_VARIOS
22292,"SPRING DEC , HANGING CHICK  YELLOW",OTROS_VARIOS
22287,"DECORATION , WOBBLY CHICKEN, METAL ",JUGUETES_DECOR
84882,GREEN WIRE STANDING CANDLE HOLDER,ILUMINACION
21427,SKULLS STORAGE BOX SMALL,PAPELERIA_EMPAQUE
22332,SKULLS PARTY BAG + STICKER SET,PAPELERIA_EMPAQUE
22053,EMPIRE DESIGN ROSETTE,OTROS_VARIOS
21982,,SIN_DESCRIPCION
10109,BENDY COLOUR PENCILS,OTROS_VARIOS
21910,WAY OUT METAL SIGN ,OTROS_VARIOS
37345,ASSTD HEARTS DESIGN MUGS,COCINA_MESA
22204,MILK PAN BLUE RETROSPOT,OTROS_VARIOS
84509G,FAIRY CAKE PLACEMATS ,COCINA_MESA
21564,PINK  HEART SHAPE LOVE BUCKET ,OTROS_VARIOS
84687,BEACH HUT SHELF W 3 DRAWERS,OTROS_VARIOS
21536,DAIRY MAID  SMALL  MILK JUG,OTROS_VARIOS
90214C,"LETTER ""C"" BLING KEY RING",OTROS_VARIOS
90214D,"LETTER ""D"" BLING KEY RING",OTROS_VARIOS
35953,FOLKART STAR CHRISTMAS DECORATIONS,NAVIDAD
21127,COLOURFUL FISHING GNOME,OTROS_VARIOS
21306,SET/4 DAISY MIRROR MAGNETS,OTROS_VARIOS
84415B,BLUE FLOCK CUSHION COVER ,TEXTIL_HOGAR
37333,"RETRO ""TEA FOR ONE"" ",OTROS_VARIOS
84989B,75 BLACK FAIRY CAKE CASES,COCINA_MESA
72799A,BLACK PILLAR CANDLE SILVER FLOCK,ILUMINACION
85173,SET/6 FROG PRINCE T-LIGHT CANDLES,ILUMINACION
21644,ASSORTED TUTTI FRUTTI HEART BOX,PAPELERIA_EMPAQUE
35824C,"HANGING FLOWERS+MIRROR,CLEAR",OTROS_VARIOS
35817B,"ACRYLIC JEWEL SNOWFLAKE,BLUE",OTROS_VARIOS
84875D,BLUE SQUARE COMPACT MIRROR,OTROS_VARIOS
46000U,POLYESTER FILLER PAD 30CMx30CM,OTROS_VARIOS
84255B,ORANGE COCKTAIL GLASS LAMP,ILUMINACION
46776F,WOVEN ROSE GARDEN CUSHION COVER ,JARDIN
15060B,FAIRY CAKE DESIGN UMBRELLA,COCINA_MESA
84912A,PINK ROSE WASHBAG,PAPELERIA_EMPAQUE
84922,PINK BUTTERFLY WASHBAG,PAPELERIA_EMPAQUE
21000,ROSE DU SUD COSMETICS BAG,PAPELERIA_EMPAQUE
90190B,GOLD/AMBER DROP EARRINGS W LEAF,OTROS_VARIOS
90019C,SILVER BLACK ORBIT BRACELET,OTROS_VARIOS
90024C,NEW BAROQUE B'FLY NECKLACE GREEN,OTROS_VARIOS
90011B,BLACK CRYSTAL DROP EARRINGS,OTROS_VARIOS
90012B,BLACK DROP CRYSTAL NECKLACE,OTROS_VARIOS
85023B,EAU DE NILE JEWELLED PHOTOFRAME,OTROS_VARIOS
21509,COWBOYS AND INDIANS BIRTHDAY CARD ,PAPELERIA_EMPAQUE
79190D,RETRO PLASTIC DAISY TRAY,OTROS_VARIOS
79190A,RETRO PLASTIC 70'S TRAY,OTROS_VARIOS
10134,COLOURING PENCILS BROWN TUBE,OTROS_VARIOS
21051,RIBBONS PURSE ,PAPELERIA_EMPAQUE
72803B,OCEAN SCENT CANDLE JEWELLED DRAWER,ILUMINACION
47592B,SCOTTIES DESIGN CHILD'S OVERALL,OTROS_VARIOS
84548,CROCHET BEAR RED/BLUE  KEYRING,OTROS_VARIOS
84676,BATH DUCK WATERING CAN,OTROS_VARIOS
16015,MEDIUM CHINESE STYLE SCISSOR,OTROS_VARIOS
20847,ZINC HEART LATTICE CHARGER LARGE,OTROS_VARIOS
20902,VINTAGE KEEPSAKE BOX PARIS DAYS,PAPELERIA_EMPAQUE
20910,VINTAGE PHOTO ALBUM PARIS DAYS,OTROS_VARIOS
21194,PINK  HONEYCOMB PAPER FAN,PAPELERIA_EMPAQUE
21207,SKULL AND CROSSBONES  GARLAND ,OTROS_VARIOS
21250,SET OF SKULL WALL STICKERS,OTROS_VARIOS
21293,MIRRORED DOVE WALL DECORATION,JUGUETES_DECOR
21311,SET/4 BIRD MIRROR MAGNETS ,OTROS_VARIOS
21630,FLOOR CUSHION ELEPHANT CARNIVAL,TEXTIL_HOGAR
21634,ASSORTED MINI MADRAS NOTEBOOK,OTROS_VARIOS
21656,RIDGED GLASS POSY VASE ,OTROS_VARIOS
21774,DECORATIVE CATS BATHROOM BOTTLE,OTROS_VARIOS
21903,MAN FLU METAL SIGN,OTROS_VARIOS
21923,RED/CREAM STRIPE FRINGE HAMMOCK,OTROS_VARIOS
21950,SET OF 6 DOTS CHOPSTICKS,OTROS_VARIOS
22057,CERAMIC PLATE STRAWBERRY DESIGN,COCINA_MESA
22323,PINK POLKADOT KIDS BAG,PAPELERIA_EMPAQUE
35611B,BLACK ASSORTED DROPLET DECORATION,JUGUETES_DECOR
35915C,PEACH KNITTED HEN ,OTROS_VARIOS
46118,FUNKY MONKEY CUSHION COVER,TEXTIL_HOGAR
47481,50CM METAL STRING WITH  7 CLIPS,OTROS_VARIOS
47504H,ENGLISH ROSE SPIRIT LEVEL ,OTROS_VARIOS
47504J,ENGLISH ROSE SET/3 GARDEN TOOLS,JARDIN
71406C,BLACK ORANGE SQUEEZER,OTROS_VARIOS
78124,MAGAZINE RACK GEBRA ASSORTED ,OTROS_VARIOS
79315W,FLYING SAUCER TABLE LIGHT IN WHITE,ILUMINACION
84247L,FAWN AND MUSHROOM GREETING CARD,PAPELERIA_EMPAQUE
84250M,"GREETING CARD, BLACKPOOL ROCK",PAPELERIA_EMPAQUE
84306,S/3 PINK SQUARE PLANTERS ROSES,OTROS_VARIOS
84584,PINK GINGHAM CAT WITH SCARF,OTROS_VARIOS
84638,SMALL KITCHEN FLOWER POTS PLAQUE,COCINA_MESA
84659A,WHITE TRAVEL ALARM CLOCK,OTROS_VARIOS
84675,FROG KING WATERING CAN,OTROS_VARIOS
84968A,S/16 VINTAGE ROSE CUTLERY,OTROS_VARIOS
85039C,S/4 BLACK MINI ROSE CANDLE IN BOWL,COCINA_MESA
85121B,RETRO LAUNDRY TUB PINK,OTROS_VARIOS
85136B,BLUE SHARK HELICOPTER,OTROS_VARIOS
90010A,MIDNIGHT BLUE GLASS/SILVER BRACELET,OTROS_VARIOS
90011A,MIDNIGHT BLUE CRYSTAL DROP EARRINGS,OTROS_VARIOS
90012A,MIDNIGHT BLUE DROP CRYSTAL NECKLACE,OTROS_VARIOS
90013A,MIDNIGHT BLUE VINTAGE EARRINGS,OTROS_VARIOS
90028,NEW BAROQUE LARGE NECKLACE BLK/WHIT,OTROS_VARIOS
90035A,"PEARL & SHELL 42""NECKL. GREEN",OTROS_VARIOS
90036A,FLOWER GARLAND NECKLACE RED,OTROS_VARIOS
90040A,MURANO STYLE GLASS BRACELET RED,OTROS_VARIOS
90040B,MURANO STYLE GLASS BRACELET BLACK,OTROS_VARIOS
90059D,DIAMANTE HAIR GRIP PACK/2 PERIDOT,OTROS_VARIOS
90063B,BLACK VINT ART DEC CRYSTAL NECKLACE,OTROS_VARIOS
90176A,CLASSIC DIAMANTE NECKLACE JET,OTROS_VARIOS
90180B,PURPLE AMETHYST NECKLACE W TASSEL,OTROS_VARIOS
90185D,CRYSTAL DIAMANTE EXPANDABLE RING,OTROS_VARIOS
90186A,AMETHYST HOOP EARRING FLORAL LEAF,OTROS_VARIOS
90187B,GREEN DROP EARRINGS W BEAD CLUSTER,OTROS_VARIOS
DCGS0004,HAYNES CAMPER SHOULDER BAG,PAPELERIA_EMPAQUE
DCGS0076,SUNJAR LED NIGHT NIGHT LIGHT,ILUMINACION
16244B,MAXWELL 2 TONE BLUE 60 PAGE PHOTO A,OTROS_VARIOS
84706B,FAIRY CAKES TABLE CLOCK,COCINA_MESA
22334,DINOSAUR PARTY BAG + STICKER SET,PAPELERIA_EMPAQUE
37441,ASSORTED WHITE EMBOSSED CHINA MUGS,COCINA_MESA
20893,HANGING BAUBLE T-LIGHT HOLDER SMALL,ILUMINACION
22074,6 RIBBONS SHIMMERING PINKS ,PAPELERIA_EMPAQUE
20733,GOLD MINI TAPE MEASURE ,OTROS_VARIOS
21682,LARGE MEDINA STAMPED METAL BOWL ,COCINA_MESA
21392,RED SPOTTY PUDDING BOWL,COCINA_MESA
35958,FOLKART ZINC STAR CHRISTMAS DEC,NAVIDAD
84725,FREESTYLE CANVAS ART PICTURE,OTROS_VARIOS
84721,MANHATTAN CANVAS ART PICTURE,OTROS_VARIOS
72045D,ROSES ON BLUE TEACUP CANDLE ,COCINA_MESA
84247G,"DECOUPAGE,GREETING CARD,",PAPELERIA_EMPAQUE
84581,DOG TOY WITH PINK CROCHET SKIRT,JUGUETES_DECOR
79338,DARK PINK FLOCK GLASS CANDLEHOLDER,ILUMINACION
21728,METAL MEDINA LANTERN ,ILUMINACION
21324,HANGING MEDINA LANTERN SMALL,ILUMINACION
21667,GLASS CAKE COVER AND PLATE,COCINA_MESA
21288,STRIPEY CHOCOLATE NESTING BOXES,PAPELERIA_EMPAQUE
22098,BOUDOIR SQUARE TISSUE BOX,PAPELERIA_EMPAQUE
47562,ENGLISH ROSE IRONING BOARD COVER,OTROS_VARIOS
22291,"SPRING DEC , HANGING CHICK CREAM",OTROS_VARIOS
84906,PINK B'FLY C/COVER W BOBBLES,OTROS_VARIOS
21389,IVORY HANGING DECORATION  BIRD,JUGUETES_DECOR
20738,GREEN MINI TAPE MEASURE ,OTROS_VARIOS
16014,SMALL CHINESE STYLE SCISSOR,OTROS_VARIOS
16016,LARGE CHINESE STYLE SCISSOR,OTROS_VARIOS
85079,EMBROIDERED REINDEER DECORATION,NAVIDAD
21447,12 IVORY ROSE PEG PLACE SETTINGS,PAPELERIA_EMPAQUE
84761,IVORY HANGING BIRD PLANTER ,OTROS_VARIOS
21446,12 RED ROSE PEG PLACE SETTINGS,PAPELERIA_EMPAQUE
21422,PORCELAIN ROSE SMALL,OTROS_VARIOS
21664,RIDGED GLASS STORAGE JAR CREAM LID,OTROS_VARIOS
84595E,LARGE TORTILLA DESIGN RED BOWL,COCINA_MESA
51012L,"FEATHER DUSTER, LIGHT PINK",ILUMINACION
22258,FELT FARM ANIMAL RABBIT,OTROS_VARIOS
21224,SET/4 SKULL BADGES,OTROS_VARIOS
22158,3 HEARTS HANGING DECORATION RUSTIC,JUGUETES_DECOR
85167A,WHITE GRAND BAROQUE PHOTO FRAME,OTROS_VARIOS
20861,GOLD COSMETIC BAG PINK STAR,PAPELERIA_EMPAQUE
84680,CLASSICAL ROSE URN,OTROS_VARIOS
21092,SET/6 STRAWBERRY PAPER PLATES,COCINA_MESA
21381,MINI WOODEN HAPPY BIRTHDAY GARLAND,OTROS_VARIOS
20855,PINK PATCH PURSE BLUE HEART,OTROS_VARIOS
81950B,FLOWER BLUE CLOCK W/SUCKER,OTROS_VARIOS
20854,BLUE PATCH PURSE PINK HEART,OTROS_VARIOS
81950V,FLOWER PURPLE CLOCK W/SUCKER,OTROS_VARIOS
90036C,"FLOWER GLASS GARLAND NECKL.36""BLUE",OTROS_VARIOS
85036A,GARDENIA 1 WICK MORRIS BOXED CANDLE,JARDIN
84030E,ENGLISH ROSE HOT WATER BOTTLE,OTROS_VARIOS
84508B,,SIN_DESCRIPCION
45008C,DECORATIVE NET CANOPY CREAM,OTROS_VARIOS
84562A,PINK/WHITE RIBBED MELAMINE JUG,OTROS_VARIOS
84880,WHITE WIRE EGG HOLDER,OTROS_VARIOS
84993A,75 GREEN PETIT FOUR CASES,OTROS_VARIOS
C2,CARRIAGE,OTROS_VARIOS
90089,PINK CRYSTAL SKULL PHONE CHARM,OTROS_VARIOS
85179B,WHITE BITTY LIGHT CHAIN ,ILUMINACION
21654,RIDGED GLASS FINGER BOWL,COCINA_MESA
21316,SMALL CHUNKY GLASS ROMAN  BOWL,COCINA_MESA
22299,PIG KEYRING WITH LIGHT & SOUND ,ILUMINACION
46776B,WOVEN BERRIES CUSHION COVER ,TEXTIL_HOGAR
84625A,PINK NEW BAROQUECANDLESTICK CANDLE,ILUMINACION
84625D,WHITE NEWBAROQUE CANDLESTICK CANDLE,ILUMINACION
46126A,ELVIS WALLHANGING / CURTAIN,OTROS_VARIOS
84356,POMPOM CURTAIN,OTROS_VARIOS
22045,SPACE BOY GIFT WRAP,PAPELERIA_EMPAQUE
22048,BIRTHDAY BANQUET GIFT WRAP,PAPELERIA_EMPAQUE
22050,PINK PAISLEY ROSE GIFT WRAP,PAPELERIA_EMPAQUE
22052,VINTAGE CARAVAN GIFT WRAP,PAPELERIA_EMPAQUE
51014L,"FEATHER PEN,LIGHT PINK",ILUMINACION
20760,GARDEN PATH POCKET BOOK,JARDIN
22040,BOTANICAL ROSE GIFT WRAP,PAPELERIA_EMPAQUE
22223,CAKE PLATE LOVEBIRD PINK,COCINA_MESA
84945,MULTI COLOUR SILVER T-LIGHT HOLDER,ILUMINACION
90014B,GOLD M PEARL  ORBIT NECKLACE,OTROS_VARIOS
90022,EDWARDIAN DROP EARRINGS JET BLACK,OTROS_VARIOS
90070,RUBY GLASS CLUSTER BRACELET,OTROS_VARIOS
90123D,WHITE HEART OF GLASS BRACELET,OTROS_VARIOS
90130C,GREEN STONE/CRYSTAL EARRINGS,OTROS_VARIOS
90163A,PINK ROSEBUD & PEARL NECKLACE,OTROS_VARIOS
90164A,PINK ROSEBUD PEARL BRACELET,OTROS_VARIOS
90165B,WHITE ROSEBUD  PEARL EARRINGS,OTROS_VARIOS
90174,BUTTERFLY HAIR BAND,OTROS_VARIOS
16256B,FLOWER PENCIL/RUBBER+5 MINI PENCILS,OTROS_VARIOS
17129F,DEEP BLUE GLASS GEMS IN BAG,PAPELERIA_EMPAQUE
20699,MOUSEY LONG LEGS SOFT TOY,JUGUETES_DECOR
20707,CRAZY DAISY HEART DECORATION,JUGUETES_DECOR
35840,FLAT GLASS  BAUBLE WHITE FLOCK ,OTROS_VARIOS
35964,FOLKART CLIP ON STARS,OTROS_VARIOS
35972,DAISY FOLKART HEART DECORATION,JUGUETES_DECOR
37495,FAIRY CAKE BIRTHDAY CANDLE SET,COCINA_MESA
46776A,WOVEN BUBBLE GUM CUSHION COVER,TEXTIL_HOGAR
71403,"PINK/WHITE ""KEEP CLEAN"" BULLET BIN",OTROS_VARIOS
72819,CUPID DESIGN SCENTED CANDLES,COCINA_MESA
79191B,RETRO PLASTIC POLKA TRAY,OTROS_VARIOS
84661C,PINK SQUARE TABLE CLOCK,OTROS_VARIOS
84762A,WHITE PICNIC BARBECUE BUCKET,OTROS_VARIOS
84762B,PINK PICNIC BARBECUE BUCKET,OTROS_VARIOS
84858A,NATURAL RIVIERA HANDBAG,PAPELERIA_EMPAQUE
84926F,PSYCHEDELIC TILE COASTER,OTROS_VARIOS
85020,ROUND PINK HEART MIRROR,OTROS_VARIOS
85034C,3 ROSE MORRIS BOXED CANDLES,ILUMINACION
85060,WOOD FAN WITH FLOWER DESIGN,OTROS_VARIOS
85128,PLANTPOT SINGLE HOOK PISTACHIO,OTROS_VARIOS
85195,HANGING HEART BASKET,OTROS_VARIOS
20781,GOLD EAR MUFF HEADPHONES,OTROS_VARIOS
20898,VINTAGE NOTEBOOK TRAVELOGUE,OTROS_VARIOS
20993,JAZZ HEARTS MEMO PAD,OTROS_VARIOS
21130,COLOURFUL STANDING GNOME,OTROS_VARIOS
21147,JINGLE BELLS TREE DECORATION,JUGUETES_DECOR
21219,SET/4 BADGES BALLOON GIRL,OTROS_VARIOS
21261,GREEN GOOSE FEATHER CHRISTMAS TREE ,NAVIDAD
21292,SMALL STRIPES CHOCOLATE GIFT BAG ,PAPELERIA_EMPAQUE
21336,GOLD WASHBAG,PAPELERIA_EMPAQUE
21397,BLUE  SPOTTY EGG CUP ,COCINA_MESA
21443,OLIVE CHALET BIRDFEEDER,OTROS_VARIOS
21633,SUNFLOWER DECORATIVE PARASOL,OTROS_VARIOS
21720,CAKE SHOP  STICKER SHEET,COCINA_MESA
21736,GOLD SCROLL GLASS T-LIGHT HOLDER,ILUMINACION
21785,RAIN PONCHO ,OTROS_VARIOS
21854,EURO FOOTBALL STARS TOP TRUMPS GAME,JUGUETES_DECOR
21879,HEARTS GIFT TAPE,OTROS_VARIOS
22060,LARGE CAKE STAND HANGING HEARTS,COCINA_MESA
17109D,FLOWER FAIRY INCENSE BOUQUET,OTROS_VARIOS
72755D,FLOWER FAIRY OIL BURNER SET SUMMER,OTROS_VARIOS
79406,FROSTED WHITE BASE ,OTROS_VARIOS
84846A,SCENTED CANDLE IN DIGITALIS TIN,ILUMINACION
17107D,"FLOWER FAIRY,5 SUMMER B'DRAW LINERS",OTROS_VARIOS
16169P,WRAP GREEN RUSSIAN FOLKART ,PAPELERIA_EMPAQUE
84932A,SMALL GREEN PEONY FOLDING STOOL,OTROS_VARIOS
84932B,SMALL PINK PEONY FOLDING STOOL,OTROS_VARIOS
84932C,SMALL ORIENTAL BLUE FOLDING STOOL,OTROS_VARIOS
84932D,SMALL ORIENTAL RED FOLDING STOOL,OTROS_VARIOS
84933C,LARGE BLUE ORIENTAL FOLDING STOOL,OTROS_VARIOS
16169K,WRAP FOLK ART,PAPELERIA_EMPAQUE
21265,PINK GOOSE FEATHER TREE 60CM,OTROS_VARIOS
47599A,PINK PARTY BAGS,PAPELERIA_EMPAQUE
20717,STRAWBERRY SHOPPER BAG,PAPELERIA_EMPAQUE
37408,ASSORTED DESIGN GEISHA GIRL MUGS,COCINA_MESA
16011, ANIMAL STICKERS,OTROS_VARIOS
21215, IVORY PAPER CUP CAKE CASES ,COCINA_MESA
84795D,SEASIDE STRIPE HAMMOCK,OTROS_VARIOS
37112,YELLOW BIRDS FELT DES FOODCOVER,OTROS_VARIOS
84425A,WHITE GLASS TV TRIPLE FRAME,OTROS_VARIOS
85087,CANDY SPOT CUSHION COVER,TEXTIL_HOGAR
21462,"NURSERY A,B,C PAINTED LETTERS",OTROS_VARIOS
21399,BLUE  SPOTTY  COFFEE MUG,COCINA_MESA
79144B,PAINTED LIGHTBULB STAR+ MOON,ILUMINACION
20837,FRENCH FLORAL CUSHION COVER ,TEXTIL_HOGAR
85096,HILDA CANDY SPOT RABBIT,OTROS_VARIOS
84625B,BLCK NEW BAROQUE CANDLESTICK CANDLE,ILUMINACION
20688,BEAUTY SPEED EXPRESSO CUPS,COCINA_MESA
84469,ROSE DES PADDED FLOOR CUSHION,TEXTIL_HOGAR
21661,VINTAGE GLASS TEA CADDY,OTROS_VARIOS
21662,VINTAGE GLASS COFFEE CADDY,OTROS_VARIOS
21274,EMBOSSED HEART 3 DRAWER SHELF,OTROS_VARIOS
21332,MOROCCAN BEATEN METAL MIRROR,OTROS_VARIOS
20766,GARDEN PATH SKETCHBOOK,JARDIN
84924D,LA PALMIERA METAL SIGN CALENDAR,OTROS_VARIOS
84924A,WAKE UP COCKEREL CALENDAR SIGN ,OTROS_VARIOS
84916,HAND TOWEL PALE BLUE W FLOWERS,TEXTIL_HOGAR
85019C,CURIOUS  IMAGES NOTEBOOK SET,OTROS_VARIOS
72801D,S/4 SKY BLUE DINNER CANDLES,ILUMINACION
21280,VINTAGE KITCHEN PRINT VEGETABLES,COCINA_MESA
35597D,PINK/WHITE CHRISTMAS TREE 30CM,NAVIDAD
84926E,FLOWERS TILE COASTER,OTROS_VARIOS
84926D,LA PALMIERA TILE COASTER,OTROS_VARIOS
72800D,S/4 BLUE DINNER CANDLE SILVER FLOCK,ILUMINACION
72800B,S/4 PURPLE DINNER CANDLE BLK FLOCK,ILUMINACION
21627,ELEPHANT CARNIVAL POUFFE,OTROS_VARIOS
20762,GREEN FERN SKETCHBOOK ,OTROS_VARIOS
16046,TEATIME PEN CASE & PENS,OTROS_VARIOS
79413,GLASS WINE GLASS DECORATIONS,JUGUETES_DECOR
51020B,STRIPY DESIGN SHOWER CAP,OTROS_VARIOS
17001,HEAVENS SCENT FRAGRANCE OILS ASSTD,OTROS_VARIOS
85032C,CURIOUS IMAGES GIFT WRAP SET,PAPELERIA_EMPAQUE
75149N,STRING CRYSTALS NATURAL,OTROS_VARIOS
22317,FIVE CATS HANGING DECORATION,JUGUETES_DECOR
22066,LOVE HEART TRINKET POT,OTROS_VARIOS
21779,MA CAMPAGNE MINI WOODEN CHEST,OTROS_VARIOS
37492D,PURPLE GREEN FLOWER PIGGY BANK,OTROS_VARIOS
84427B,BLACK GLASS TV DOUBLE P/FRAME 15X10,OTROS_VARIOS
21032,SPACE CADET WHITE,OTROS_VARIOS
21027,NINJA RABBIT PINK,OTROS_VARIOS
16216,LETTER SHAPE PENCIL SHARPENER,OTROS_VARIOS
84509F,NEW ENGLAND PLACEMATS,OTROS_VARIOS
84509C,DOTTY PLACEMATS ,OTROS_VARIOS
47013C,WINE BOTTLE DRESSING DARK BLUE,OTROS_VARIOS
21373,MIRRORED WALL ART SNOWFLAKES,OTROS_VARIOS
85023A,CRYSTAL LARGE JEWELLED PHOTO FRAME,OTROS_VARIOS
85024C,PINK SMALL JEWELLED PHOTOFRAME,OTROS_VARIOS
85024A,CRYSTAL SMALL JEWELLED PHOTOFRAME,OTROS_VARIOS
21915,RED  HARMONICA IN BOX ,PAPELERIA_EMPAQUE
72754A,FLOWER FAIRY POTPOURRI CUSHION LILY,TEXTIL_HOGAR
84705C,PINK FLOCK PHOTO FRAME ,OTROS_VARIOS
85166B,BLACK METAL BAROQUE PHOTO FRAME,OTROS_VARIOS
16049,TEATIME GEL PENS ASST,OTROS_VARIOS
21287,SCENTED VELVET LOUNGE CANDLE ,ILUMINACION
21635,MADRAS NOTEBOOK LARGE ,OTROS_VARIOS
21636,MADRAS NOTEBOOK MEDIUM,OTROS_VARIOS
72753B,S/3 FLWR FAIRY LAVENDER CANDLES,ILUMINACION
84569B,PACK 3 FIRE ENGINE/CAR PATCHES,OTROS_VARIOS
84608,ORNATE EDWARDIAN CANDLE HOLDER,ILUMINACION
84753A,PINK EAU DE COLOGNE BOTTLE,OTROS_VARIOS
46776D,WOVEN SUNSET CUSHION COVER ,TEXTIL_HOGAR
72586,"S/6 HALLOWEEN GHOST T LIGHTS, 5CM H",ILUMINACION
72122,COFFEE SCENT PILLAR CANDLE,ILUMINACION
84978,HANGING HEART JAR T-LIGHT HOLDER,ILUMINACION
35633B,BLUE TINSEL GARLAND ,PAPELERIA_EMPAQUE
21456,2 PICTURE BOOK EGGS EASTER CHICKS,OTROS_VARIOS
21457,2 PICTURE BOOK EGGS EASTER DUCKS,OTROS_VARIOS
21458,2 PICTURE BOOK EGGS EASTER BUNNY,OTROS_VARIOS
22146,EASTER CRAFT IVY WREATH WITH CHICK,OTROS_VARIOS
84452,METAL RABBIT LADDER EASTER ,OTROS_VARIOS
84456,SET OF 3 RABBIT EGG EASTER,OTROS_VARIOS
22229,BUNNY WOODEN PAINTED WITH FLOWER ,OTROS_VARIOS
90040C,MURANO STYLE GLASS BRACELET GOLD,OTROS_VARIOS
21109,"LARGE CAKE TOWEL, CHOCOLATE SPOTS",COCINA_MESA
90011C,GREEN CRYSTAL DROP EARRINGS,OTROS_VARIOS
90130B,TURQ STONE/CRYSTAL EARRINGS,OTROS_VARIOS
90210C,RED   ACRYLIC FACETED BANGLE,OTROS_VARIOS
90210D,PURPLE ACRYLIC FACETED BANGLE,OTROS_VARIOS
90210A,GREY ACRYLIC FACETED BANGLE,OTROS_VARIOS
35932,PINK CHRISTMAS TREE DECORATION,NAVIDAD
21830,ASSORTED CREEPY CRAWLIES,OTROS_VARIOS
84508C,BLUE CIRCLES DESIGN TEDDY,OTROS_VARIOS
72751A,"F.FAIRY S/3 SML CANDLE,LILY/VALLEY",ILUMINACION
72751B,"F.FAIRY S/3 SML CANDLE, LAVENDER",ILUMINACION
72752B,"F.FAIRY,CANDLE IN GLASS,LAVENDER",ILUMINACION
72752A,"F.FAIRY,CANDLE IN GLASS,LILY/VALLEY",ILUMINACION
20879,TREE OF NOAH FESTIVE SCENTED CANDLE,ILUMINACION
21852,EMPIRE TEDDY,OTROS_VARIOS
79149B,SILICON STAR BULB  BLUE,OTROS_VARIOS
84830,LARGE ENGLISH ARBORETUM,OTROS_VARIOS
21338,MARAKESH LANTERN SMALL ,ILUMINACION
35271S,GOLD PRINT PAPER BAG,PAPELERIA_EMPAQUE
21300,ANTIQUE EDWARDIAN DRESSER,OTROS_VARIOS
17014C,ORIGAMI LAVENDER INCENSE CONES,OTROS_VARIOS
37482B,CUBIC MUG BLUE POLKA DOT,COCINA_MESA
85117,NIGHTINGALE COATHOOK WHITE,PAPELERIA_EMPAQUE
21028,NINJA RABBIT BLACK,OTROS_VARIOS
21331,MOROCCAN BEATEN METAL DISH LARGE,OTROS_VARIOS
84279P, CHERRY BLOSSOM  DECORATIVE FLASK,OTROS_VARIOS
90184A,AMBER CHUNKY BEAD BRACELET W STRAP,OTROS_VARIOS
90184C,BLACK CHUNKY BEAD BRACELET W STRAP,OTROS_VARIOS
21418,STARFISH SOAP DISH,OTROS_VARIOS
85142,JARDIN ETCHED GLASS GINGER JAR,OTROS_VARIOS
85159A,"BLACK TEA,COFFEE,SUGAR JARS",OTROS_VARIOS
84586L,"PINK ROSES/GINGHAM PATCH RABBIT 8""",OTROS_VARIOS
16219,HOUSE SHAPE PENCIL SHARPENER,OTROS_VARIOS
85214,TUB 24 PINK FLOWER PEGS,OTROS_VARIOS
22263,FELT EGG COSY LADYBIRD ,OTROS_VARIOS
20868,SILVER FABRIC MIRROR,OTROS_VARIOS
84593,CROCHET ROSE DES CLOTHES HANGER,OTROS_VARIOS
84592,CROCHET ROSE PURSE WITH SUEDE BACK,OTROS_VARIOS
85197,SET OF 12 MINI BUNNIES IN A BUCKET,OTROS_VARIOS
90196B,BLACK GEMSTONE NECKLACE 45CM,OTROS_VARIOS
90196A,PURPLE GEMSTONE NECKLACE 45CM,OTROS_VARIOS
90141E,ORANGE PENDANT TRIPLE SHELL NECKLAC,OTROS_VARIOS
90141A,GREEN PENDANT TRIPLE SHELL NECKLACE,OTROS_VARIOS
90141C,TURQ PENDANT TRIPLE SHELL NECKLACE,OTROS_VARIOS
20704,MR ROBOT SOFT TOY,JUGUETES_DECOR
90126A,PINK BERTIE MOBILE PHONE CHARM,OTROS_VARIOS
90001D,ANTIQUE OLIVE GREEN FLOWER EARRINGS,OTROS_VARIOS
90161D,ANT COPPER PINK BOUDICCA BRACELET,OTROS_VARIOS
90161A,ANT COPPER RED BOUDICCA BRACELET,OTROS_VARIOS
90160D,PINK BOUDICCA LARGE BRACELET,OTROS_VARIOS
40046C,PINK BUTTERFLY PAPER LAMPSHADE,ILUMINACION
47351B,BLUE  VOILE LAMPSHADE,ILUMINACION
21376,LARGE  TALL CAMPHOR WOOD TOADSTOOL ,OTROS_VARIOS
84212,"ASSORTED FLOWER COLOUR ""LEIS""",OTROS_VARIOS
84918,CREAM C/COVER W YELLOW/GREEN FLOWER,OTROS_VARIOS
21421,PORCELAIN ROSE LARGE ,OTROS_VARIOS
90214M,"LETTER ""M"" BLING KEY RING",OTROS_VARIOS
44242B,PINK FEATHERS CURTAIN,OTROS_VARIOS
85132B,CHARLIE AND LOLA TABLE TINS,PAPELERIA_EMPAQUE
21905,MORE BUTTER METAL SIGN ,OTROS_VARIOS
84467,ENGLISH ROSE DESIGN QUILTED THROW,OTROS_VARIOS
85035B,CHOCOLATE 3 WICK MORRIS BOX CANDLE,ILUMINACION
82587,TEXRIO TOMATOES CANDLE+CUP,COCINA_MESA
90122B,JADE CRYSTAL+GLASS BRACELET,OTROS_VARIOS
72805,VANILLA CANDLE IN EMBOSSED ZINC POT,ILUMINACION
84893,ANT WHITE IRON BASKET,OTROS_VARIOS
21059,PARTY INVITES DINOSAURS,OTROS_VARIOS
20864,DENIM PATCH PENCIL CASE BUTTERFLY,OTROS_VARIOS
20857,BLUE ROSE PATCH PURSE PINK BUTTERFL,OTROS_VARIOS
20856,DENIM PATCH PURSE PINK BUTTERFLY,OTROS_VARIOS
77101A,UNION FLAG WINDSOCK,OTROS_VARIOS
90115,SUMMER BUTTERFLIES BAG CHARM,PAPELERIA_EMPAQUE
72232,FENG SHUI PILLAR CANDLE,ILUMINACION
72780,BLACK SILOUETTE CANDLE PLATE,COCINA_MESA
35443,RASTA IN BATH W SPLIFF ASHTRAY,OTROS_VARIOS
85144,JARDIN ETCHED GLASS BUTTER DISH,OTROS_VARIOS
21765,HANGING METAL BIRD BATH,OTROS_VARIOS
84576,BLUE CAT BISCUIT BARREL PINK HEART,OTROS_VARIOS
84826,ASSTD DESIGN 3D PAPER STICKERS,PAPELERIA_EMPAQUE
22043,CHRISTMAS CARD SCREEN PRINT ,NAVIDAD
21268,VINTAGE BLUE TINSEL REEL,PAPELERIA_EMPAQUE
21988,PACK OF 6 SKULL PAPER PLATES,COCINA_MESA
84482,BUTTONS DESIGN JEWELLERY BOX,PAPELERIA_EMPAQUE
22285,"DECORATION HEN ON NEST, HANGING",JUGUETES_DECOR
84845C,CARNATION SQUARE HANDY TIN,PAPELERIA_EMPAQUE
84845D,GERANIUM SQUARE HANDY TIN,PAPELERIA_EMPAQUE
84845A,HOLLYHOCK SQUARE HANDY TIN,PAPELERIA_EMPAQUE
20833,SHAKER THROW  QUILTED,OTROS_VARIOS
20775,DAISY NOTEBOOK ,OTROS_VARIOS
84206A,3 BLACK CATS W HEARTS BLANK CARD,PAPELERIA_EMPAQUE
84206C,CHAMPAGNE TRAY BLANK CARD,PAPELERIA_EMPAQUE
84201B,HAPPY BIRTHDAY CARD STRIPEY TEDDY,PAPELERIA_EMPAQUE
90152B,BLUE/GREEN SHELL NECKLACE W PENDANT,OTROS_VARIOS
90150,BLUE SHELL+SILVER NECKLACE,OTROS_VARIOS
90159,COTE D'AZURE NECKLACE,OTROS_VARIOS
20662,FIRST CLASS HOLIDAY PURSE ,OTROS_VARIOS
40001, WHITE BAMBOO RIBS LAMPSHADE,ILUMINACION
90060F,FIRE POLISHED GLASS NECKL GREEN,OTROS_VARIOS
90060C,FIRE POLISHED GLASS NECKL SILVER,OTROS_VARIOS
90060D,FIRE POLISHED GLASS NECKL BRONZE,OTROS_VARIOS
84819,DANISH ROSE ROUND SEWING BOX,PAPELERIA_EMPAQUE
37483,ENGLISH ROSE MUG IN GIFT BOX,COCINA_MESA
21084,SET/6 COLLAGE PAPER CUPS,COCINA_MESA
84795A,PASTEL STRIPE HAMMOCK ,OTROS_VARIOS
35909B,PINK FLOWERS RABBIT EASTER,OTROS_VARIOS
20936,FORKED CACTUS CANDLE,ILUMINACION
35833P,4 PINK FLOCK CHRISTMAS BALLS,NAVIDAD
35833G,4 GOLD FLOCK CHRISTMAS BALLS,NAVIDAD
84795B,SUNSET CHECK HAMMOCK,OTROS_VARIOS
84952A,CLEAR LOVE BIRD T-LIGHT HOLDER,ILUMINACION
17091F,SANDALWOOD INCENSE IN TIN,PAPELERIA_EMPAQUE
17091B,JASMINE TEA INCENSE IN TIN,PAPELERIA_EMPAQUE
17091A,LAVENDER INCENSE IN TIN,PAPELERIA_EMPAQUE
47589,CONGRATULATIONS BUNTING,PAPELERIA_EMPAQUE
20973,12 PENCIL SMALL TUBE WOODLAND,OTROS_VARIOS
90214T,"LETTER ""T"" BLING KEY RING",OTROS_VARIOS
90214R,"LETTER ""R"" BLING KEY RING",OTROS_VARIOS
90214L,"LETTER ""L"" BLING KEY RING",OTROS_VARIOS
90214N,"LETTER ""N"" BLING KEY RING",OTROS_VARIOS
35976B,WHITE SCANDINAVIAN HEART CHRISTMAS,NAVIDAD
85043,RED HEART CANDY POP LIGHTS,ILUMINACION
79340W,WHITE ORCHID FLOWER LIGHTS,ILUMINACION
84789,ENCHANTED BIRD PLANT CAGE,OTROS_VARIOS
35537,CANDLE RING W/CLEAR BEADS,ILUMINACION
21370,MIRRORED WALL ART FOXY,OTROS_VARIOS
21652,GLASS ETCHED T-LIGHT HOLDER MEDIUM,ILUMINACION
21204,DAISIES  HONEYCOMB GARLAND ,OTROS_VARIOS
84051,ASS COLOUR GLOWING TIARAS,OTROS_VARIOS
72753C,S/3 FLWR FAIRY ROSE CANDLES,ILUMINACION
72753D,S/3 FLWR FAIRY SUMMER CANDLES,ILUMINACION
21308,LOUVRE VANITY MIRROR,OTROS_VARIOS
47554,S/3 COLOURS FLOCK TEA TOWELS,TEXTIL_HOGAR
21906,PHARMACIE FIRST AID TIN,PAPELERIA_EMPAQUE
85071C,"CHARLIE+LOLA""EXTREMELY BUSY"" SIGN",OTROS_VARIOS
84741C,CITRUS GARLAND FELT FLOWERS ,OTROS_VARIOS
21697,SET 5 MINI DOUGHNUT FRIDGE MAGNET ,OTROS_VARIOS
90111,BLUE HIBISCUS  HAIR CLIP,OTROS_VARIOS
90112,PINK DOLLY HAIR CLIPS,JUGUETES_DECOR
21689,SILVER VANILLA  FLOWER CANDLE POT,ILUMINACION
20757,RED DAISY POCKET BOOK ,OTROS_VARIOS
20763,DAISY SKETCHBOOK ,OTROS_VARIOS
20769,DAISY JOURNAL ,OTROS_VARIOS
84870B,BLUE GEISHA GIRL ,OTROS_VARIOS
20731,POSY CANDY BAG,PAPELERIA_EMPAQUE
47590B,PINK HAPPY BIRTHDAY BUNTING,PAPELERIA_EMPAQUE
85025B,EAU DE NILE HEART SHAPE PHOTO FRAME,OTROS_VARIOS
15044A,PINK PAPER PARASOL ,PAPELERIA_EMPAQUE
85200,BUNNY EGG BOX,PAPELERIA_EMPAQUE
85194L,HANGING SPRING FLOWER EGG LARGE,OTROS_VARIOS
84454,WOBBLING METAL CHICKEN EASTER,OTROS_VARIOS
85196,EASTER BUNNIES ON A STICK,OTROS_VARIOS
85198,ASSORTED FARMYARD ANIMALS IN BUCKET,OTROS_VARIOS
22256,FELT FARM ANIMAL CHICKEN,OTROS_VARIOS
22267,EASTER DECORATION EGG BUNNY ,JUGUETES_DECOR
84459B,YELLOW METAL CHICKEN HEART ,OTROS_VARIOS
22105,MIRROR MOSAIC GOBLET CANDLE HOLDER,ILUMINACION
21714,CITRONELLA CANDLE GARDEN POT,JARDIN
35598A,DUSTY PINK CHRISTMAS TREE 60CM,NAVIDAD
20755,BLUE PAISLEY POCKET BOOK,OTROS_VARIOS
90002A,FLOWER BURST SILVER RING OPAL,OTROS_VARIOS
90214K,"LETTER ""K"" BLING KEY RING",OTROS_VARIOS
21361,LOVE LARGE WOOD LETTERS ,OTROS_VARIOS
84661A,WHITE SQUARE TABLE CLOCK,OTROS_VARIOS
84925D,LA PALMIERA WALL THERMOMETER,OTROS_VARIOS
47016,LIGHT DECORATION BATTERY OPERATED,ILUMINACION
72128,COLUMBIAN CANDLE ROUND,ILUMINACION
16259,PIECE OF CAMO STATIONERY SET,OTROS_VARIOS
16020C,CLEAR STATIONERY BOX SET ,PAPELERIA_EMPAQUE
47347B,BLUE FLOWER T-LIGHT HOLDER,ILUMINACION
84522,PINK PARTY SUNGLASSES,OTROS_VARIOS
84746,PINK EASTER HENS+FLOWER,OTROS_VARIOS
20705,MRS ROBOT SOFT TOY,JUGUETES_DECOR
90100,NECKLACE+BRACELET SET PINK DAISY,OTROS_VARIOS
90099,NECKLACE+BRACELET SET BLUE HIBISCUS,OTROS_VARIOS
20700,GREEN CAT FLORAL CUSHION COVER ,TEXTIL_HOGAR
21365,MIRRORED WALL ART STARS,OTROS_VARIOS
21395,BLUE SPOTTY BEAKER ,OTROS_VARIOS
21319,GLASS CHALICE GREEN  SMALL ,OTROS_VARIOS
72750D,F.FAIRY S/3 CANDLE/GLASS,ILUMINACION
35838A,S/6 MULTICOLOUR ORNAMENETAL CANDLE,ILUMINACION
16161E,WRAP BOUDOIR ,PAPELERIA_EMPAQUE
17061,ASSORTED SHAPED STENCIL FOR HENNA,OTROS_VARIOS
17084P,DRAGONS BLOOD INCENSE,OTROS_VARIOS
21674,RIDGED GLASS PENDANT LAMPSHADE,ILUMINACION
22124,SET OF 2 TEA TOWELS PING MICROWAVE,TEXTIL_HOGAR
47593A,CAROUSEL DESIGN BABY BIB,OTROS_VARIOS
81985A,"ICON ALARM CLOCK,FUSCHIA  PIN UP",OTROS_VARIOS
21400,RED PUDDING SPOON,OTROS_VARIOS
21401,BLUE PUDDING SPOON,OTROS_VARIOS
21222,SET/4 BADGES BEETLES,OTROS_VARIOS
90214G,"LETTER ""G"" BLING KEY RING",OTROS_VARIOS
90214P,"LETTER ""P"" BLING KEY RING",OTROS_VARIOS
90214E,"LETTER ""E"" BLING KEY RING",OTROS_VARIOS
90214I,"LETTER ""I"" BLING KEY RING",OTROS_VARIOS
84663A,GRASS HOPPER WOODEN WALL CLOCK ,OTROS_VARIOS
21199,PINK  HEART CONFETTI IN TUBE,OTROS_VARIOS
84744,S/6 SEW ON CROCHET FLOWERS,OTROS_VARIOS
84029D,LEOPARD PRINT HOT WATER BOTTLE,OTROS_VARIOS
72800C,S/4 PINK DINNER CANDLE SILVER FLOCK,ILUMINACION
20721,OWLS CHARLOTTE BAG,PAPELERIA_EMPAQUE
85171,S/2 HYACINTH BULB CANDLES,ILUMINACION
84539,KNITTED RABBIT DOLL ,JUGUETES_DECOR
21043,APRON MODERN VINTAGE COTTON,TEXTIL_HOGAR
84617, NEW BAROQUE BLACK BOXES,PAPELERIA_EMPAQUE
84707A,SILVER JEWELLED MIRROR TRINKET TRAY,OTROS_VARIOS
20689,RETRO SISTERS EXPRESSO CUPS,COCINA_MESA
47480,HANGING PHOTO CLIP ROPE LADDER,OTROS_VARIOS
85162B,BLACK RETRODISC LAMPSHADE,ILUMINACION
90081A,LILY BROOCH AMETHYST COLOUR,OTROS_VARIOS
20931,BLUE POT PLANT CANDLE ,ILUMINACION
35983,,SIN_DESCRIPCION
20803,SMALL PINK GLASS SUNDAE DISH,OTROS_VARIOS
22003,VINTAGE BLUE VACUUM FLASK 0.5L ,OTROS_VARIOS
35610A,PINK CHRISTMAS FLOCK DROPLET ,NAVIDAD
35916A,YELLOW FELT HANGING HEART W FLOWER,OTROS_VARIOS
37342,SPOTTY COFFEE CUP & SAUCER,COCINA_MESA
46138B,BLUE CHENILLE SHAGGY CUSHION COVER ,TEXTIL_HOGAR
47585A,PINK FAIRY CAKE CUSHION COVER,COCINA_MESA
72771C,BLACK FLOCK GOLD CANDLE,ILUMINACION
79066K,RETRO MOD TRAY,OTROS_VARIOS
84228,HEN HOUSE W CHICK STANDING,OTROS_VARIOS
84563A,PINK & WHITE BREAKFAST TRAY,OTROS_VARIOS
84715,SET OF 6 ICE CREAM SKITTLES,OTROS_VARIOS
84796A,PINK HAWAIIAN PICNIC HAMPER FOR 2,OTROS_VARIOS
84842,HELLO SAILOR BATHROOM SET,OTROS_VARIOS
84843,WHITE SOAP RACK WITH 2 BOTTLES,OTROS_VARIOS
90037D,TINY CRYSTALS BRACELET BLACK,PAPELERIA_EMPAQUE
90120A,PINK MURANO TWIST BRACELET,OTROS_VARIOS
90144,SILVER DROP EARRINGS WITH FLOWER,OTROS_VARIOS
90198B,VINTAGE ROSE BEAD BRACELET BLACK,OTROS_VARIOS
90204,PAIR OF ENAMEL BUTTERFLY HAIRCLIP,OTROS_VARIOS
20849,ZINC HEART LATTICE DOUBLE PLANTER,OTROS_VARIOS
21131,GOLD STANDING GNOME,OTROS_VARIOS
21378,SMALL TALL CAMPHOR WOOD TOADSTOOL,OTROS_VARIOS
21946,PARTY TIME DESIGN FLANNEL,OTROS_VARIOS
16048,TEATIME ROUND PENCIL SHARPENER ,OTROS_VARIOS
20839,FRENCH PAISLEY CUSHION COVER ,TEXTIL_HOGAR
62096B,PURPLE/TURQ FLOWERS HANDBAG,PAPELERIA_EMPAQUE
72140E,BEST DAD CANDLE LETTERS,ILUMINACION
82011C,BATHROOM SCALES FOOTPRINTS IN SAND,OTROS_VARIOS
21414,SCALLOP SHELL SOAP DISH,OTROS_VARIOS
21836,GINGHAM OVEN GLOVE RED HEART ,OTROS_VARIOS
21943,CAKES AND RABBITS DESIGN FLANNEL ,COCINA_MESA
22161,HEART DECORATION RUSTIC HANGING ,JUGUETES_DECOR
22307,GOLD MUG BONE CHINA TREE OF LIFE,COCINA_MESA
35815B,"ACRYLIC JEWEL SNOWFLAKE,BLUE",OTROS_VARIOS
84016,FLAG OF ST GEORGE CAR FLAG,OTROS_VARIOS
84531A,PINK KNITTED EGG COSY,OTROS_VARIOS
84531B,BLUE KNITTED EGG COSY,OTROS_VARIOS
84762C,GREEN PICNIC BARBECUE BUCKET,OTROS_VARIOS
85093,CANDY SPOT EGG WARMER HARE,OTROS_VARIOS
85118,HEART T-LIGHT HOLDER,ILUMINACION
85121C,RETRO LAUNDRY TUB PISTACHIO,OTROS_VARIOS
90000B,MIDNIGHT BLUE COPPER FLOWER NECKLAC,OTROS_VARIOS
90014A,SILVER/MOP ORBIT NECKLACE,OTROS_VARIOS
90038A,GLASS AND PAINTED BEADS BRACELET TO,OTROS_VARIOS
90120D,WHITE MURANO TWIST BRACELET,OTROS_VARIOS
90165A,PINK ROSEBUD PEARL EARRINGS,OTROS_VARIOS
90170,DAISY HAIR BAND,OTROS_VARIOS
90187A,BLUE DROP EARRINGS W BEAD CLUSTER,OTROS_VARIOS
85124B,BLUE JUICY FRUIT PHOTO FRAME,OTROS_VARIOS
85124C,GREEN JUICY FRUIT PHOTO FRAME,OTROS_VARIOS
21339,MARAKESH LANTERN LARGE,ILUMINACION
82484,WOOD BLACK BOARD ANT WHITE FINISH,OTROS_VARIOS
47559B,TEA TIME OVEN GLOVE,OTROS_VARIOS
22168,"ORGANISER WOOD, ANTIQUE WHITE ",OTROS_VARIOS
84415A,PINK FLOCK SUEDE CUSHION COVER ,TEXTIL_HOGAR
79030D,"TUMBLER, BAROQUE",OTROS_VARIOS
21289,LARGE STRIPES CHOCOLATE GIFT BAG,PAPELERIA_EMPAQUE
22104,MIRROR MOSAIC CANDLE PLATE,COCINA_MESA
20670,VIP HOLIDAY PURSE,OTROS_VARIOS
16033,MINI HIGHLIGHTER PENS,ILUMINACION
84705B,FAIRY CAKES PHOTO FRAME,COCINA_MESA
35923,CANDY HEART HANGING DECORATION,JUGUETES_DECOR
20895,VINTAGE NOTEBOOK FRENCH LETTER ,OTROS_VARIOS
21780,MA CAMPAGNE 4 DRAWER WALL SHELF,OTROS_VARIOS
21847,GREEN  DIAMANTE PEN IN GIFT BOX,PAPELERIA_EMPAQUE
84615,PINK ROUND BUTTERFLY MIRROR ,OTROS_VARIOS
84682,CLASSICAL ROSE DISH,OTROS_VARIOS
22056,CERAMIC PLATE LOVE HEART DESIGN,COCINA_MESA
17178,FLAT PALM T-LIGHT HOLDER,ILUMINACION
21904,HOUSE WRECKING METAL SIGN ,OTROS_VARIOS
85230B,CINNAMON SCENTED VOTIVE CANDLE,ILUMINACION
85230E,STRAWBRY SCENTED VOTIVE CANDLE,ILUMINACION
90125B,AQUA BERTIE GLASS BEAD BAG CHARM,PAPELERIA_EMPAQUE
84564,6 SEGMENT COLOURED SNACK BOWL ,COCINA_MESA
85084,HOLLY TOP CHRISTMAS STOCKING,NAVIDAD
84968D,S/16 VINTAGE RED CUTLERY,OTROS_VARIOS
84827,ASS DES PHONE SPONGE CRAFT STICKER,OTROS_VARIOS
21060,PARTY INVITES BALLOON GIRL,OTROS_VARIOS
37432,MUG PINK AND PURPLE ARABIC DESIGN,COCINA_MESA
47503E,ASS FLORAL PRINT SCISSORS,OTROS_VARIOS
47503H,ASS FLORAL PRINT SPIRIT LEVEL ,OTROS_VARIOS
44265,M/COLOUR POM-POM CURTAIN,OTROS_VARIOS
84678,CLASSICAL ROSE SMALL VASE,OTROS_VARIOS
37484,ENGLISH ROSE TEA FOR ONE GIFT BOX,PAPELERIA_EMPAQUE
21757,LIGHTHOUSE PRINTED METAL SIGN,ILUMINACION
21701,SET 6 MINI SUSHI SET FRIDGE MAGNETS,OTROS_VARIOS
20935,ROUND CACTUS CANDLE,ILUMINACION
BANK CHARGES, Bank Charges,OTROS_VARIOS
90011E,AMBER CRYSTAL DROP EARRINGS,OTROS_VARIOS
90190C,SILVER/AMETHYST DROP EARRINGS LEAF,OTROS_VARIOS
21269,ANTIQUE CREAM CUTLERY SHELF ,OTROS_VARIOS
21270,ANTIQUE CREAM CUTLERY CUPBOARD,COCINA_MESA
21277,FRENCH STYLE EMBOSSED HEART CABINET,OTROS_VARIOS
84849A,HELLO SAILOR BLUE SOAP HOLDER,OTROS_VARIOS
20851,ZINC HEART LATTICE TRAY OVAL ,OTROS_VARIOS
84707B,PINK JEWELLED MIRROR TRINKET TRAY,OTROS_VARIOS
35233,PASTA ENAMEL/BRASS CONTAINER,OTROS_VARIOS
20666,ECONOMY HOLIDAY PURSE,OTROS_VARIOS
85106,CUT GLASS HEXAGON T-LIGHT HOLDER,ILUMINACION
85169C,EAU DE NIL LOVE BIRD CANDLE,ILUMINACION
85169A,IVORY LOVE BIRD CANDLE,ILUMINACION
21764,VINTAGE WOODEN PLATE RACK,COCINA_MESA
21309,LOUVRE CHALKBOARD,OTROS_VARIOS
16218,CARTOON  PENCIL SHARPENERS,OTROS_VARIOS
17012B,ORIGAMI JASMINE INCENSE/CANDLE SET,ILUMINACION
21169,YOU'RE CONFUSING ME METAL SIGN ,OTROS_VARIOS
21278,VINTAGE KITCHEN PRINT PUDDINGS,COCINA_MESA
21367,MIRRORED WALL ART GENTS,OTROS_VARIOS
21368,MIRRORED WALL ART LADIES,OTROS_VARIOS
21413,PERIWINKLE T-LIGHT HOLDER,ILUMINACION
35647,VINTAGE BEAD PINK SHADE ,OTROS_VARIOS
47581B,FAIRY CAKE WICKER PICNIC BASKET ,COCINA_MESA
84674,FLYING PIG WATERING CAN,OTROS_VARIOS
85203,HANGING WOOD AND FELT BUTTERFLY ,OTROS_VARIOS
90036E,"FLOWER GLASS GARLD NECKL36""AMETHYST",OTROS_VARIOS
90048,GREEN WITH METAL BAG CHARM,PAPELERIA_EMPAQUE
90056,CHUNKY CRACKED GLAZE NECKLACE IVORY,OTROS_VARIOS
90124B,BLUE MURANO TWIST NECKLACE,OTROS_VARIOS
90151,SILVER/NATURAL SHELL NECKLACE,OTROS_VARIOS
90152A,SILVER/NAT SHELL NECKLACE W PENDANT,OTROS_VARIOS
90166,PINK & WHITE ROSEBUD RING,OTROS_VARIOS
90185A,AMBER DIAMANTE EXPANDABLE RING,OTROS_VARIOS
21713,CITRONELLA CANDLE FLOWERPOT,ILUMINACION
20997,ROSE DU SUD CUSHION COVER ,TEXTIL_HOGAR
21616,4 PEAR BOTANICAL DINNER CANDLES,ILUMINACION
21275,ZINC TOP  2 DOOR WOODEN SHELF ,OTROS_VARIOS
84571,,SIN_DESCRIPCION
21062,PARTY INVITES SPACEMAN,OTROS_VARIOS
21061,PARTY INVITES FOOTBALL,OTROS_VARIOS
47502,POLKADOT CUTLERY 24 PCS IN TRAY,OTROS_VARIOS
21053,ZINC HEART HANGER WITH HOOKS,OTROS_VARIOS
21698,MOCK LOBSTER FRIDGE MAGNET,OTROS_VARIOS
84549,CROCHET WHITE RABBIT KEYRING ,OTROS_VARIOS
84551,CROCHET DOG KEYRING,OTROS_VARIOS
21264,WHITE GOOSE FEATHER TREE 60CM ,OTROS_VARIOS
21437,24 HANGING EASTER EGGS FLORAL TUB,OTROS_VARIOS
84665,SQUARE CHERRY BLOSSOM CABINET,OTROS_VARIOS
84666,SQUARE CHERRY BLOSSOM CABINET,OTROS_VARIOS
84664,CHERRY BLOSSOM BATHROOM CABINET,OTROS_VARIOS
84597B,RETRO BROWN BALL ASHTRAY ,OTROS_VARIOS
84367,LA STREGA CANVAS PICTURE ,OTROS_VARIOS
21415,CLAM SHELL SMALL ,OTROS_VARIOS
21594,Dr. Jam's Arouzer Stress Ball,OTROS_VARIOS
21749,LARGE RED SPOT WINDMILL,OTROS_VARIOS
21845,DAIRY MAID STRIPE MUG,COCINA_MESA
35638B,PINK/BLUE STRING CURTAIN ,OTROS_VARIOS
17013B,ORIGAMI JASMINE INCENSE IN TUBE,OTROS_VARIOS
17013D,ORIGAMI ROSE INCENSE IN TUBE,OTROS_VARIOS
17014A,ORIGAMI VANILLA INCENSE CONES,OTROS_VARIOS
84086C,PINK/PURPLE RETRO RADIO,OTROS_VARIOS
84596J,MIXED NUTS LIGHT GREEN BOWL,COCINA_MESA
84760S,SMALL HANGING GLASS+ZINC LANTERN,ILUMINACION
84877D,BLUE ROUND COMPACT MIRROR,OTROS_VARIOS
84913A,SOFT PINK ROSE TOWEL ,TEXTIL_HOGAR
85188A,GREEN METAL SWINGING BUNNY,OTROS_VARIOS
90013E,AMBER VINTAGE EARRINGS ,OTROS_VARIOS
90041,PEARL AND CHERRY QUARTZ BRACLET,OTROS_VARIOS
90059C,DIAMANTE HAIR GRIP PACK/2 MONTANA,OTROS_VARIOS
90059E,DIAMANTE HAIR GRIP PACK/2 RUBY,OTROS_VARIOS
90101,WHITE FRANGIPANI NECKLACE,OTROS_VARIOS
90175B,PINK GLASS CHUNKY CHARM BRACELET,OTROS_VARIOS
90205A,LARGE MINT DIAMANTE HAIRSLIDE,OTROS_VARIOS
90205C,LARGE CRYSTAL DIAMANTE HAIRSLIDE,OTROS_VARIOS
90209B,GREEN ENAMEL+GLASS HAIR COMB,OTROS_VARIOS
DCGS0003,BOXED GLASS ASHTRAY,PAPELERIA_EMPAQUE
90202C,GREEN ENAMEL FLOWER HAIR TIE,OTROS_VARIOS
84976,RECTANGULAR SHAPED MIRROR,OTROS_VARIOS
90024D,NEW BAROQUE B'FLY NECKLACE PINK,OTROS_VARIOS
90030A,SPOTTED WHITE NATURAL SEED NECKLACE,OTROS_VARIOS
90030B,RED KUKUI COCONUT SEED NECKLACE,OTROS_VARIOS
90030C,BROWN KUKUI COCONUT SEED NECKLACE,OTROS_VARIOS
90163B,WHITE ROSEBUD & PEARL NECKLACE,OTROS_VARIOS
90169,DAISY HAIR COMB,OTROS_VARIOS
90173,PAIR BUTTERFLY HAIR CLIPS,OTROS_VARIOS
47310M,"SMALL POP BOX,FUNKY MONKEY",PAPELERIA_EMPAQUE
47574A,ENGLISH ROSE SCENTED HANGING FLOWER,OTROS_VARIOS
22306,SILVER MUG BONE CHINA TREE OF LIFE,COCINA_MESA
21383,PACK OF 12 STICKY BUNNIES,OTROS_VARIOS
71215,METAL BASE FOR CANDLES,ILUMINACION
22244,"HOOK, 3 HANGER ,MAGIC GARDEN",JARDIN
22245,"HOOK, 1 HANGER ,MAGIC GARDEN",JARDIN
84869,CANDY BUTTON PHOTO ALBUM,OTROS_VARIOS
35949,,SIN_DESCRIPCION
20896,VINTAGE NOTEBOOK PINK FLOWER,OTROS_VARIOS
20899,VINTAGE NOTEBOOK RED ROSE,OTROS_VARIOS
84626,CANDY STRIPE ROSE QUILT,OTROS_VARIOS
16162L,THE KING GIFT BAG,PAPELERIA_EMPAQUE
21228,"POCKET MIRROR ""GLAMOROUS""",OTROS_VARIOS
90120B,BLUE MURANO TWIST BRACELET,OTROS_VARIOS
90027B,GLASS BEAD HOOP EARRINGS MONTANA,OTROS_VARIOS
20796,SMALL BLUE PROVENCAL CERAMIC BALL,OTROS_VARIOS
20795,LARGE BLUE PROVENCAL CERAMIC BALL,OTROS_VARIOS
21322,GLASS SPHERE CANDLE STAND LARGE ,ILUMINACION
22290,STANDING METAL RABBIT WITH EGG,OTROS_VARIOS
21631,HIPPY CHIC DECORATIVE PARASOL,OTROS_VARIOS
84972L,GIANT PINK HEART MEMO HOLDER,OTROS_VARIOS
84919,L BLUE C/COVER W PINK/YELLOW FLOWER,OTROS_VARIOS
84984C,ORIENTAL BLUE C/COVER ,OTROS_VARIOS
84909A,PINK PAISLEY QUILT ,OTROS_VARIOS
85184B,SET 4 EASTER DECOUPAGE OVAL BOXES,PAPELERIA_EMPAQUE
22233,JIGSAW RABBIT AND BIRDHOUSE,JARDIN
85018C,S/6 PAPER BOXES CURIOUS IMAGES ,PAPELERIA_EMPAQUE
21343,GOLD JEWELERY BOX,PAPELERIA_EMPAQUE
22316,200 BENDY SKULL STRAWS,OTROS_VARIOS
35973,GERANIUM FOLKART HEART DECORATION,JUGUETES_DECOR
90057,DIAMANTE RING ASSORTED IN BOX.,PAPELERIA_EMPAQUE
35838B,S/6 SILVER ORNAMENETAL CANDLE,ILUMINACION
16168M,FUNKY MONKEY GIFT BAG MEDIUM,PAPELERIA_EMPAQUE
22217,T-LIGHT HOLDER HANGING LACE,ILUMINACION
35645,VINTAGE BEAD PINK JEWEL BOX,PAPELERIA_EMPAQUE
82095,HEART BUTTONS JEWELLERY BOX,PAPELERIA_EMPAQUE
17191A,ROSE FLOWER CANDLE+INCENSE 16X16CM,ILUMINACION
47341B,BLUE TABLE RUN FLOWER,OTROS_VARIOS
85081,PADDED HOLLY CHRISTMAS DECORATION ,NAVIDAD
17129C,SKY BLUE COLOUR GLASS GEMS IN BAG,PAPELERIA_EMPAQUE
90214O,"LETTER ""O"" BLING KEY RING",OTROS_VARIOS
90214B,"LETTER ""B"" BLING KEY RING",OTROS_VARIOS
35980C,,SIN_DESCRIPCION
84575B,BROWN DOG CANNISTER W BONE,OTROS_VARIOS
22188,,SIN_DESCRIPCION
35821B,"JEWELLED DECORATION,BLUE",JUGUETES_DECOR
35824B,"HANGING FLOWERS+MIRROR,BLUE",OTROS_VARIOS
35610C,WHITE CHRISTMAS FLOCK DROPLET ,NAVIDAD
21850,BLUE  DIAMANTE PEN IN GIFT BOX,PAPELERIA_EMPAQUE
21858,HIGH SCHOOL MUSICAL 3 TOP TRUMPS ,OTROS_VARIOS
20932,PINK POT PLANT CANDLE,ILUMINACION
85110,BLACK SILVER FLOWER T-LIGHT HOLDER,ILUMINACION
85160A,WHITE BIRD GARDEN DESIGN MUG,JARDIN
90039C,FIRE POLISHED GLASS BRACELET BLACK,OTROS_VARIOS
90186B,CRYSTAL HOOP EARRING FLORAL LEAF,OTROS_VARIOS
84951B,S/4 BLACK LOVEBIRD COASTERS,OTROS_VARIOS
72771B,BURG FLOCK GOLD CUP/CANDLE ,COCINA_MESA
84450B,YELLOW RABBIT SAT EASTER,OTROS_VARIOS
46776C,WOVEN FROST CUSHION COVER,TEXTIL_HOGAR
22236,CAKE STAND 3 TIER MAGIC GARDEN,JARDIN
21366,MIRRORED WALL ART PHOTO FRAMES,OTROS_VARIOS
17013A,,SIN_DESCRIPCION
90214Z,"LETTER ""Z"" BLING KEY RING",OTROS_VARIOS
16168S,FUNKY MONKEY GIFT BAG SMALL,PAPELERIA_EMPAQUE
21167,WHITE SAGE INCENSE,OTROS_VARIOS
47597,NEW ENGLAND TEATOWELS,TEXTIL_HOGAR
35837,SET OF SIX SILVER+RED FLOCK BAUBLES,OTROS_VARIOS
85230D,VANILLA SCENTED VOTIVE CANDLE,ILUMINACION
85230C,ROSE SCENTED VOTIVE CANDLE,ILUMINACION
20680,PINK FLOWERS CHILDS UMBRELLA,OTROS_VARIOS
21096,SET/6 FRUIT SALAD  PAPER PLATES,COCINA_MESA
20952,PORCELAIN CHERUB BELL SMALL,OTROS_VARIOS
90214F,"LETTER ""F"" BLING KEY RING",OTROS_VARIOS
85161,ACRYLIC GEOMETRIC LAMP,ILUMINACION
84841,,SIN_DESCRIPCION
90058A,CRYSTAL STUD EARRINGS CLEAR DISPLAY,OTROS_VARIOS
72789,BASKET/8 SCENTED LOVE TOKEN CANDLES,ILUMINACION
90210B,CLEAR ACRYLIC FACETED BANGLE,OTROS_VARIOS
90194,SILVER LARIAT BLACK STONE EARRINGS,OTROS_VARIOS
72708,SCULPTED ROUND IVORY CANDLE ,ILUMINACION
16169G,WRAP ROMANTIC DECOUPAGE,PAPELERIA_EMPAQUE
21117,BLOND DOLL DOORSTOP,JUGUETES_DECOR
85062,PEARL CRYSTAL PUMPKIN T-LIGHT HLDR,ILUMINACION
20663,QUEEN OF THE SKIES HOLIDAY PURSE ,OTROS_VARIOS
84414B,FUSCHIA/GREEN STRIPE WOOLLY BLANKET,TEXTIL_HOGAR
16051,TEATIME PENCIL W STAMP ASST,OTROS_VARIOS
85072,OCCASIONS GIFT CARD ASSORTMENT,PAPELERIA_EMPAQUE
90138,WHITE/PINK MINI CRYSTALS NECKLACE,OTROS_VARIOS
90137,PINK COMBO MINI CRYSTALS NECKLACE,OTROS_VARIOS
16119,FUNKY GIRL ADDRESS BOOK,OTROS_VARIOS
47552A,DOTS IRONING BOARD COVER,OTROS_VARIOS
47567B,TEA TIME KITCHEN APRON,COCINA_MESA
84815,SET OF 3 DANISH ROSE PLANTERS,OTROS_VARIOS
72131,COLUMBIAN CANDLE RECTANGLE,ILUMINACION
35631B,BLUE GREEN CHRISTMAS HANGING BALL ,NAVIDAD
22252,BIRDCAGE DECORATION MAGIC GARDEN,JARDIN
72728,ROSE SCENT CANDLES IN GLASS,ILUMINACION
20884,MODERN CHRISTMAS TREE CANDLE ,NAVIDAD
20877,MODERN CHRISTMAS BAUBLE CANDLE ,NAVIDAD
20881,MODERN CHRISTMAS TREE CANDLE,NAVIDAD
22242,"HOOK, 5 HANGER , MAGIC TOADSTOOL",OTROS_VARIOS
90177C,DROP DIAMANTE EARRINGS CRYSTAL,OTROS_VARIOS
90177B,DROP DIAMANTE EARRINGS BLACK DIAMON,OTROS_VARIOS
90177D,DROP DIAMANTE EARRINGS PURPLE,OTROS_VARIOS
90177E,DROP DIAMANTE EARRINGS GREEN,OTROS_VARIOS
90177A,CLASSIC DIAMANTE EARRINGS JET,OTROS_VARIOS
90026C,GLASS BEAD HOOP NECKLACE GREEN,OTROS_VARIOS
90069,RUBY GLASS CLUSTER NECKLACE,OTROS_VARIOS
84876B,GREEN HEART COMPACT MIRROR,OTROS_VARIOS
17090A,LAVENDER INCENSE 40 CONES IN TIN,PAPELERIA_EMPAQUE
85215,ASSORTED CHEESE FRIDGE MAGNETS,OTROS_VARIOS
21758,VINTAGE SHELLS PRINT,OTROS_VARIOS
20848,ZINC HEART LATTICE CHARGER SMALL,OTROS_VARIOS
84859C,PINK DISCO HANDBAG,PAPELERIA_EMPAQUE
84859A,SILVER DISCO HANDBAG,PAPELERIA_EMPAQUE
75131,METAL TUBE CHIME ON BAMBOO,OTROS_VARIOS
85109,PINK BOUDOIR T-LIGHT HOLDER,ILUMINACION
84802A,WHITE ANEMONE ARTIFICIAL FLOWER,OTROS_VARIOS
35607B,BLACK FEATHER CHRISTMAS DECORATION,NAVIDAD
21202,DOLLY HONEYCOMB GARLAND,JUGUETES_DECOR
90001C,ANTIQUE OPAL WHITE FLOWER EARRINGS,OTROS_VARIOS
79340P,PURPLE ORCHID FLOWER LIGHTS,ILUMINACION
35607A,PINK FLUFFY CHRISTMAS DECORATION,NAVIDAD
85218,S/5 MINI ICE CREAM FRIDGE MAGNETS,OTROS_VARIOS
35001C,HAND OPEN SHAPE CHROME,OTROS_VARIOS
16207B,PINK HEART RED HANDBAG,PAPELERIA_EMPAQUE
35936,CERISE+GOLD CHRISTMAS TREE DEC,NAVIDAD
20939,ORANGE CANDLE,ILUMINACION
72785A,S/4 CONTEMPORY PINK ROSEBUD CANDLES,ILUMINACION
72785B,S/4 CONTEMPORY RED ROSEBUD CANDLES,ILUMINACION
21766,VINTAGE WOOD ORGANISER,OTROS_VARIOS
21686,MEDINA STAMPED METAL STOOL,OTROS_VARIOS
84689,S/2 BEACH HUT TREASURE CHESTS,OTROS_VARIOS
84550,CROCHET LILAC/RED BEAR KEYRING,OTROS_VARIOS
21226,POCKET MIRROR WOODLAND,OTROS_VARIOS
21225,POCKET MIRROR BUTTERFLY ,OTROS_VARIOS
16258A,SWIRLY CIRCULAR RUBBERS IN BAG,PAPELERIA_EMPAQUE
37491C,GREEN/BLUE CERAMIC CANDLE HOLDER,ILUMINACION
75011,BLUE DAISY MOBILE,OTROS_VARIOS
72801C,S/4 ROSE PINK DINNER CANDLES,ILUMINACION
46775E,CANDY POP CHUNKY KNITTED THROW ,OTROS_VARIOS
35911B,PINK/FLOWER RABBIT EGG WARMER ,OTROS_VARIOS
62097A,PINK STRIPES SHOULDER BAG,PAPELERIA_EMPAQUE
72812,LARGE ZINC/GLASS CANDLEHOLDER,ILUMINACION
21473,SWEETHEART CREAM STEEL TABLE RECT,OTROS_VARIOS
90000C,OPAL WHITE/SILVER FLOWER NECKLACE,OTROS_VARIOS
90065B,BLACK VINT ART DEC CRYSTAL BRACELET,OTROS_VARIOS
90182C,BLACK 3 BEAD DROP EARRINGS,OTROS_VARIOS
90026B,GLASS BEAD HOOP NECKLACE MONTANA,OTROS_VARIOS
90212C,PURPLE LAS VEGAS BRACELET ROUND,OTROS_VARIOS
21317,GLASS SPHERE CANDLE STAND MEDIUM,ILUMINACION
62074B,ELEPHANT CLIP W SUCTION CUP,COCINA_MESA
84876C,SILVER HEART COMPACT MIRROR,OTROS_VARIOS
35999,S/6 SCANDINAVIAN HEART T-LIGHT,ILUMINACION
90201A,PURPLE ENAMEL FLOWER RING,OTROS_VARIOS
20697,LITTLE GREEN MONSTER SOFT TOY,JUGUETES_DECOR
17090D,VANILLA INCENSE 40 CONES IN TIN,PAPELERIA_EMPAQUE
85230A,OPIUM SCENTED VOTIVE CANDLE,ILUMINACION
72133,COLUMBIAN CANDLE RECTANGLE,ILUMINACION
72134,COLUMBIAN  CUBE CANDLE ,ILUMINACION
72130,COLUMBIAN CANDLE ROUND,ILUMINACION
37489A,YELLOW/PINK FLOWER DESIGN BIG MUG,COCINA_MESA
85225,BLING KEY RING STAND,OTROS_VARIOS
21441,BLUE BIRDHOUSE DECORATION,JARDIN
84711A,SILVER OVAL SHAPE TRINKET BOX,PAPELERIA_EMPAQUE
90140,PINK SWEETIE NECKLACE,OTROS_VARIOS
90146,FINE SILVER NECKLACE W PASTEL FLOWE,OTROS_VARIOS
90123A,PINK HEART OF GLASS BRACELET,OTROS_VARIOS
90060B,FIRE POLISHED GLASS NECKL GOLD,OTROS_VARIOS
22243,"HOOK, 5 HANGER ,MAGIC TOADSTOOL RED",OTROS_VARIOS
47369B,BLUE GREEN EMBROIDERY COSMETIC BAG,PAPELERIA_EMPAQUE
72772,SET/4 SCENTED CANDLES IN RAMEKINS,ILUMINACION
35910A,MULTICOLOUR EASTER RABBIT ,OTROS_VARIOS
21716,BOYS VINTAGE TIN SEASIDE BUCKET,PAPELERIA_EMPAQUE
21715,GIRLS VINTAGE TIN SEASIDE BUCKET,PAPELERIA_EMPAQUE
37438,FUNKY FLOWER COFFEE POT,OTROS_VARIOS
46775D,SUNSET COLOUR CHUNKY KNITTED THROW,OTROS_VARIOS
84921,CREAM AND PINK FLOWERS PONY ,OTROS_VARIOS
22360,"GLASS JAR, ENGLISH CONFECTIONERY",OTROS_VARIOS
21190,PINK HEARTS PAPER GARLAND,PAPELERIA_EMPAQUE
22247,BUNNY DECORATION MAGIC GARDEN,JARDIN
22249,DECORATION WHITE CHICK MAGIC GARDEN,JARDIN
22250,DECORATION  BUTTERFLY  MAGIC GARDEN,JARDIN
85213,MINI  ZINC GARDEN DECORATIONS ,JARDIN
71101A,ANGEL ON KNEES METAL POLE 100CM H,OTROS_VARIOS
71101E,STANDING FAIRY POLE SUPPORT ,OTROS_VARIOS
20882,MODERN CHRISTMAS TREE CANDLE,NAVIDAD
15030,FAN BLACK FRAME ,OTROS_VARIOS
72793,BLACK BOX MIRROR LANTERN,ILUMINACION
35637A,IVORY STRING CURTAIN WITH POLE ,OTROS_VARIOS
16256C,HEARTS PENCIL/RUBBER+5 MINI PENCILS,OTROS_VARIOS
21416,CLAM SHELL LARGE,OTROS_VARIOS
22268,EASTER DECORATION SITTING BUNNY,PAPELERIA_EMPAQUE
35597B,BLACKCHRISTMAS TREE 30CM,NAVIDAD
84255A,PINK GLASS COCKTAIL LAMP,ILUMINACION
21318,GLASS CHALICE BLUE SMALL ,OTROS_VARIOS
18098B,BLUE PORCELAIN B'FLY OIL BURNER,OTROS_VARIOS
37399,"ASS RETROSPOOF MUGS,SPORTS",COCINA_MESA
TEST001,This is a test product.,OTROS_VARIOS
37475,SET/4 COLOURFUL MIXING BOWLS,COCINA_MESA
21036,SET/2 TEA TOWELS MODERN VINTAGE,TEXTIL_HOGAR
17007B,S/3 POT POURI CUSHIONS BLUE COLOURS,TEXTIL_HOGAR
84621,BLUE GINGHAM ROSE FLOOR CUSHION ,TEXTIL_HOGAR
84251C,"GREETING CARD, TWO SISTERS.",PAPELERIA_EMPAQUE
22021,BLUE FELT EASTER EGG BASKET,OTROS_VARIOS
85206B,PINK FELT EASTER EGG BASKET,OTROS_VARIOS
90129A,PINK GLASS TASSLE BAG CHARM ,PAPELERIA_EMPAQUE
35001P,HAND OPEN SHAPE PINK,OTROS_VARIOS
84824,DANISH ROSE UMBRELLA STAND,OTROS_VARIOS
44234,ASSORTED CIRCULAR MOBILE,OTROS_VARIOS
18098A,PINK PORCELAIN B'FLY OIL BURNER,OTROS_VARIOS
20858,SILVER PURSE GOLD PINK BUTTERFLY,OTROS_VARIOS
21298,EDWARDIAN 2 DRAWER WALL CABINET ,OTROS_VARIOS
72750B,"F.FAIRY S/3 CANDLE/GLASS,LAVENDER",ILUMINACION
21750, LARGE SKULL WINDMILL,OTROS_VARIOS
17038,PORCELAIN BUDAH INCENSE HOLDER,OTROS_VARIOS
21406,SPOTTY CAT DOORSTOP ,OTROS_VARIOS
21919,Electronic Talking Breath-A-Loser,OTROS_VARIOS
35818C,"ACRYLIC JEWEL ICICLE, CLEAR ",OTROS_VARIOS
48175,DOOR MAT CAMOUFLAGE,OTROS_VARIOS
85091,CANDY SPOT BREAD BASKETS,OTROS_VARIOS
90018A,SILVER M.O.P ORBIT DROP EARRINGS,OTROS_VARIOS
90018C,SILVER BLACK ORBIT DROP EARRINGS,OTROS_VARIOS
90027C,GLASS BEAD HOOP EARRINGS GREEN,OTROS_VARIOS
90038B,GLASS AND PAINTED BEADS BRACELET OL,OTROS_VARIOS
90054,CRACKED GLAZE EARRINGS RED,OTROS_VARIOS
90077,BLACK DIAMOND CLUSTER EARRINGS,OTROS_VARIOS
90178B,PURPLE CHUNKY GLASS+BEAD NECKLACE,OTROS_VARIOS
90198A,VINTAGE ROSE BEAD BRACELET RASPBERR,OTROS_VARIOS
90211A,DIAMOND LAS VEGAS NECKLACE 45CM,OTROS_VARIOS
gift_0001_80,,SIN_DESCRIPCION
DCGS0072,CAT CAMOUFLAGUE COLLAR,OTROS_VARIOS
47594A,CAROUSEL DESIGN WASHBAG,PAPELERIA_EMPAQUE
79144C,PAINTED LIGHTBULB RAINBOW DESIGN,ILUMINACION
84856S,SMALL TAHITI BEACH BAG,PAPELERIA_EMPAQUE
84870C,GREEN GEISHA GIRL ,OTROS_VARIOS
84931B,BLUE SCOTTIE DOG W FLOWER PATTERN,OTROS_VARIOS
85167B,BLACK GRAND BAROQUE PHOTO FRAME,OTROS_VARIOS
85169D,PINK LOVE BIRD CANDLE,ILUMINACION
85190,PINK FLOWER HANGING HEART ,OTROS_VARIOS
85202,HANGING WOOD AND FELT HEART,OTROS_VARIOS
85204,HANGING WOOD AND FELT FLOWER,OTROS_VARIOS
90037A,TINY CRYSTAL BRACELET RED,PAPELERIA_EMPAQUE
90037C,TINY CRYSTAL BRACELET BLUE,PAPELERIA_EMPAQUE
20821,GOLDIE LOOKING MIRROR,OTROS_VARIOS
17011C,ORIGAMI LAVENDER INCENSE+FLOWER,OTROS_VARIOS
20846,ZINC HEART LATTICE T-LIGHT HOLDER,ILUMINACION
21718,RED METAL BEACH SPADE ,OTROS_VARIOS
22137,BATHROOM SET LOVE HEART DESIGN,OTROS_VARIOS
35819B,"ACRYLIC HANGING JEWEL,BLUE",OTROS_VARIOS
84797B,BLUE SAVANNAH PICNIC HAMPER FOR 4,OTROS_VARIOS
85160B,BLACK BIRD GARDEN DESIGN MUG,JARDIN
90143,SILVER BRACELET W PASTEL FLOWER,OTROS_VARIOS
21132,SILVER STANDING GNOME   ,OTROS_VARIOS
22264,FELT FARM ANIMAL WHITE BUNNY ,OTROS_VARIOS
45016,DECORATIVE NET CANOPY LEOPARD,OTROS_VARIOS
47367B,PAIR PADDED HANGERS PINK CHECK,OTROS_VARIOS
47586A,PINK FAIRY CAKE CUSHION COVER,COCINA_MESA
84637,KITCHEN FLOWER POTS WALL PLAQUE,COCINA_MESA
84847,FLORAL BATHROOM SET,OTROS_VARIOS
90122C,TURQUOISE CRYSTAL+GLASS BRACELET,OTROS_VARIOS
90176C,DIAMANTE NECKLACE,OTROS_VARIOS
gift_0001_20,Dotcomgiftshop Gift Voucher £20.00,OTROS_VARIOS
72752C,,SIN_DESCRIPCION
72755C,,SIN_DESCRIPCION
72755B,,SIN_DESCRIPCION
72752D,,SIN_DESCRIPCION
21702,SET 5 MINI GATEAUX  FRIDGE MAGNETS,OTROS_VARIOS
21699,SET 5 MINI CHOCOLATE FRIDGE MAGNETS,OTROS_VARIOS
48138,DOOR MAT UNION FLAG,OTROS_VARIOS
84570B,WHITE SATIN DRESS JEWEL STAND,PAPELERIA_EMPAQUE
84782B,BLACK 3 TIER GLASS PLATE STAND,COCINA_MESA
90082B,DIAMANTE BOW BROOCH RED COLOUR,OTROS_VARIOS
90004A,JADE GREEN PAIR ENAMEL HAIR SLIDES,OTROS_VARIOS
20664,TROPICAL HOLIDAY PURSE ,OTROS_VARIOS
85129B,BEADED CRYSTAL HEART GREEN SMALL,OTROS_VARIOS
85030,FRENCH CHATEAU OVAL PLATTER,OTROS_VARIOS
85141,JARDIN ETCHED GLASS FRUITBOWL,COCINA_MESA
84595B,LARGE TRIFLE DESIGN L BLUE BOWL,COCINA_MESA
84313A,PINK TV TRAY TABLE ,OTROS_VARIOS
21088,SET/6 FRUIT SALAD PAPER CUPS,COCINA_MESA
85119,WATERING CAN SINGLE HOOK PISTACHIO,OTROS_VARIOS
35937,CERISE+GOLD CHRISTMAS STOCKING DEC,NAVIDAD
85094,CANDY SPOT EGG WARMER RABBIT,OTROS_VARIOS
90001A,ANTIQUE RASPBERRY FLOWER EARRINGS,OTROS_VARIOS
90031,BILI NUT AND WOOD NECKLACE,OTROS_VARIOS
90176D,DIAMANTE NECKLACE PURPLE,OTROS_VARIOS
21442,GREEN BIRDHOUSE DECORATION,JARDIN
90202D,PINK ENAMEL FLOWER HAIR TIE,OTROS_VARIOS
DCGS0044,HANDZ-OFF CAR FRESHENER,OTROS_VARIOS
17011D,ORIGAMI ROSE INCENSE+FLOWER,OTROS_VARIOS
37491A,YELLOW/PINK CERAMIC CANDLE HOLDER,ILUMINACION
84529A,PINK KNITTED KIDS RUCKSACK,OTROS_VARIOS
84529C,YELLOW KNITTED KIDS RUCKSACK,OTROS_VARIOS
47583B,SET OF 3 WICKER BASKET TEA AND CAKE,COCINA_MESA
90141B,IVORY PENDANT TRIPLE SHELL NECKLACE,OTROS_VARIOS
90199A,5 STRAND GLASS NECKLACE BLACK,OTROS_VARIOS
35816B,"ACRYLIC JEWEL ANGEL,BLUE",OTROS_VARIOS
84609,TALL ROCOCO CANDLE HOLDER,ILUMINACION
85018B,S/6 PAPER BOXES BLOSSOM IMAGES ,PAPELERIA_EMPAQUE
85018A,S/6 PAPER BOXES ROMANTIC IMAGES,PAPELERIA_EMPAQUE
35963,FOLKART ZINC CLIP ON ANGEL WINGS,OTROS_VARIOS
21090,SET/6 COLLAGE PAPER PLATES,COCINA_MESA
84631,FRUIT TREE AND BIRDS WALL PLAQUE,OTROS_VARIOS
90129F,RED GLASS TASSLE BAG CHARM,PAPELERIA_EMPAQUE
90129D,AMBER GLASS TASSLE BAG CHARM,PAPELERIA_EMPAQUE
90129E,PURPLE GLASS TASSLE BAG CHARM,PAPELERIA_EMPAQUE
21001,ROSE DU SUD WASHBAG ,PAPELERIA_EMPAQUE
35652,VINTAGE BEAD CHAISE LONG JEWEL BOX,PAPELERIA_EMPAQUE
17011E,ORIGAMI OPIUM SCENT INCENSE+FLOWER,OTROS_VARIOS
17011F,ORIGAMI SANDLEWOOD INCENSE+FLOWER,OTROS_VARIOS
17012E,ORIGAMI OPIUM INCENSE/CANDLE SET ,ILUMINACION
17013C,ORIGAMI LAVENDER INCENSE IN TUBE,OTROS_VARIOS
84616,SILVER ROCCOCO CHANDELIER,OTROS_VARIOS
16043,POP ART PUSH DOWN RUBBER ,OTROS_VARIOS
84450A,PINK RABBIT SITTING EASTER,PAPELERIA_EMPAQUE
85189,HANGING BUTTERFLY  EGG,OTROS_VARIOS
21209,MULTICOLOUR HONEYCOMB FAN,OTROS_VARIOS
47013A,WINE BOTTLE DRESSING LT.BLUE,OTROS_VARIOS
84927F,PSYCHEDELIC TILE HOOK,OTROS_VARIOS
90016B,GOLD/M.O.P PENDANT ORBIT NECKLACE,OTROS_VARIOS
21208,PASTEL COLOUR HONEYCOMB FAN,OTROS_VARIOS
84905,PINK BUTTERFLY C/COVER ,OTROS_VARIOS
21030,SPACE CADET RED,OTROS_VARIOS
82069,BEECH WOOD P/FRAME,OTROS_VARIOS
16052,TEATIME PUSH DOWN RUBBER,OTROS_VARIOS
21038,SET/4 MODERN VINTAGE COTTON NAPKINS,OTROS_VARIOS
84876D,BLUE HEART COMPACT MIRROR,OTROS_VARIOS
90182B,AMETHYST 3 BEAD DROP EARRINGS,OTROS_VARIOS
21503,TOYBOX  WRAP ,PAPELERIA_EMPAQUE
51020A,SUMMER FUN DESIGN SHOWER CAP,OTROS_VARIOS
84942,KASHMIR FOLKART HEART DISHES,OTROS_VARIOS
90003E,GREEN PAIR HEART HAIR SLIDES,OTROS_VARIOS
21475,SWEETHEART CREAM STEEL FOLDIN CHAIR,OTROS_VARIOS
35974,S/6 CHRISTMAS TREE PLACE SETTING,NAVIDAD
35930,PINK HEART CHRISTMAS DECORATION,NAVIDAD
20802,SMALL GLASS SUNDAE DISH CLEAR,OTROS_VARIOS
90059F,DIAMANTE HAIR GRIP PACK/2 LT ROSE,OTROS_VARIOS
90124C,GREEN MURANO TWIST NECKLACE,OTROS_VARIOS
90132,LIGHT TOPAZ TEAL/AQUA COL NECKLACE,ILUMINACION
84499,BLACK FLOWER CANDLE PLATE,COCINA_MESA
84661B,BLACK SQUARE TABLE CLOCK,OTROS_VARIOS
85131B,BEADED CRYSTAL HEART GREEN ON STICK,OTROS_VARIOS
22266,EASTER DECORATION HANGING BUNNY,JUGUETES_DECOR
84706A,ENGLISH ROSE TABLE CLOCK,OTROS_VARIOS
84732D,CUTE RABBIT CEATURE SCREEN ,OTROS_VARIOS
84732B,CUTE BIRD CEATURE SCREEN,OTROS_VARIOS
21128,GOLD FISHING GNOME,OTROS_VARIOS
21496,WOODLAND CREATURES  WRAP,PAPELERIA_EMPAQUE
20820,SILVER LOOKING MIRROR,OTROS_VARIOS
37352,BIRD IN TREE MUG ,COCINA_MESA
20759,CHRYSANTHEMUM POCKET BOOK ,OTROS_VARIOS
90206A,GOLD DIAMANTE STAR BROOCH,OTROS_VARIOS
22221,CAKE STAND LOVEBIRD 2 TIER PINK,COCINA_MESA
21095,SET/6 POSIES PAPER PLATES,COCINA_MESA
72781,BLACK SILOUETTE CANDLE PLATE ,COCINA_MESA
90020,FILIGREE DIAMANTE CHAIN,OTROS_VARIOS
90043,COPPER AND BRASS BAG CHARM,PAPELERIA_EMPAQUE
85145,JARDIN ETCHED GLASS LARGE BELL JAR,OTROS_VARIOS
20667,CHERRY BLOSSOM PURSE,OTROS_VARIOS
85131D,BEADED CRYSTAL HEART PINK\ON STICK,OTROS_VARIOS
47343A,FUSCHIA FLOWER PURSE WITH BEADS,OTROS_VARIOS
47344B,BLUE FLOWER DES PURSE,OTROS_VARIOS
71510,SQUARE METAL CANDLEHOLDER BASE,ILUMINACION
90199D,5 STRAND GLASS NECKLACE AMBER,OTROS_VARIOS
22251,BIRDHOUSE DECORATION MAGIC GARDEN,JARDIN
84801B,WHITE HYDRANGEA ART FLOWER,OTROS_VARIOS
84877A,PINK ROUND COMPACT MIRROR,OTROS_VARIOS
84856L,LARGE TAHITI BEACH BAG,PAPELERIA_EMPAQUE
90191,SILVER LARIAT 40CM,OTROS_VARIOS
90079,VINTAGE ENAMEL & CRYSTAL NECKLACE,OTROS_VARIOS
90064B,BLACK VINTAGE  CRYSTAL EARRINGS,OTROS_VARIOS
72225D,VANILLA SCENT CAKE CANDLE ,COCINA_MESA
72225C,LAVENDER SCENT CAKE CANDLE,COCINA_MESA
35603B,S/16 BLACK SHINY/MAT BAUBLES,OTROS_VARIOS
44091C,MULTICOLOUR CRUSOE CHECK LAMPSHADE,ILUMINACION
21525,BEWARE OF THE CAT DOORMAT,TEXTIL_HOGAR
21315,LARGE GLASS HEART TRINKET POT,OTROS_VARIOS
TEST002,This is a test product.,OTROS_VARIOS
35915B,BLUE KNITTED HEN ,OTROS_VARIOS
35915A,CREAM KNITTED HEN,OTROS_VARIOS
84748,FOLK FELT HANGING MULTICOL GARLAND,OTROS_VARIOS
40002,WHITE BAMBOO RIBS LAMPSHADE,ILUMINACION
71270,PHOTO CLIP LINE,OTROS_VARIOS
84838,ANT WHITE HIGH RISE BIRD BOX,PAPELERIA_EMPAQUE
44092C,PURPLE/COPPER HANGING LAMPSHADE,ILUMINACION
48103,DOOR MAT KISS MY.......,OTROS_VARIOS
20840,FRENCH FLORAL CUSHION COVER ,TEXTIL_HOGAR
84657,GREEN ROSE CUSHION COVER,TEXTIL_HOGAR
35980B,RED TOP SCANDINAVIAN HEART ,OTROS_VARIOS
22092,BLUE PAISLEY TISSUE BOX,PAPELERIA_EMPAQUE
72129,COLUMBIAN CANDLE ROUND ,ILUMINACION
35598C,WHITE CHRISTMAS TREE 60CM,NAVIDAD
40003,WHITE BAMBOO RIBS LAMPSHADE,ILUMINACION
79403,FROSTED WHITE BASE ,OTROS_VARIOS
90016A,SILVER/M.O.P PENDANT ORBIT NECKLACE,OTROS_VARIOS
90098,NECKLACE+BRACELET PINK BUTTERFLY,OTROS_VARIOS
90126B,BLUE BERTIE MOBILE PHONE CHARM,OTROS_VARIOS
90126C,AMBER BERTIE MOBILE PHONE CHARM,OTROS_VARIOS
90128C,GREEN LEAVES AND BEADS PHONE CHARM,OTROS_VARIOS
90201D,GREEN ENAMEL FLOWER RING,OTROS_VARIOS
16192,PINK BALLET OPENING CUBE BOX ,PAPELERIA_EMPAQUE
gift_0001_10,Dotcomgiftshop Gift Voucher £10.00,OTROS_VARIOS
21119,Glow In The Dark Shot Glasses ,OTROS_VARIOS
21374,MIRRORED WALL ART SKULLS,OTROS_VARIOS
37468,HARDMAN MUG 3 ASSORTED,COCINA_MESA
84660A,WHITE STITCHED WALL CLOCK,OTROS_VARIOS
84706D,CHERRY BLOSSOM TABLE CLOCK ,OTROS_VARIOS
90036F,"FLOWER GLASS GARLD NECKL36""TURQUOIS",OTROS_VARIOS
90038C,GLASS AND BEADS BRACELET IVORY,OTROS_VARIOS
90039A,FIRE POLISHED GLASS BRACELET RED,OTROS_VARIOS
90130A,WHITE STONE/CRYSTAL EARRINGS,OTROS_VARIOS
gift_0001_50,Dotcomgiftshop Gift Voucher £50.00,OTROS_VARIOS
84858C,PINK RIVIERA HANDBAG,PAPELERIA_EMPAQUE
35945,GOLD CHRISTMAS STOCKING DECORATION,NAVIDAD
84422,PINK/BLUE DISC/MIRROR STRING,OTROS_VARIOS
84563B,BLUE & WHITE BREAKFAST TRAY,OTROS_VARIOS
72132,COLUMBIAN CUBE CANDLE,ILUMINACION
84816,DANISH ROSE BEDSIDE CABINET,OTROS_VARIOS
46307,ROSES BLUE BASE CUSHION COVER ,TEXTIL_HOGAR
21002,ROSE DU SUD DRAWSTRING BAG,PAPELERIA_EMPAQUE
17013F,ORIGAMI SANDLEWOOD INCENSE IN TUBE,OTROS_VARIOS
17011A,ORIGAMI VANILLA INCENSE+FLOWER ,OTROS_VARIOS
84821,DANISH ROSE DELUXE COASTER,OTROS_VARIOS
84865,NEW BAROQUE BLACK PHOTO ALBUM,OTROS_VARIOS
90103,PURPLE FRANGIPANI NECKLACE,OTROS_VARIOS
85077,KISSING REINDEER TABLE RUNNER,NAVIDAD
85163B,BLACK BAROQUE WALL CLOCK ,OTROS_VARIOS
37471,MULTICOLOUR DOTS PLATE,COCINA_MESA
35922,EASTER BUNNY WREATH,OTROS_VARIOS
84247H,,SIN_DESCRIPCION
35751A,,SIN_DESCRIPCION
71263G,,SIN_DESCRIPCION
20691,,SIN_DESCRIPCION
20880,,SIN_DESCRIPCION
20859,,SIN_DESCRIPCION
22390,,SIN_DESCRIPCION
72777,,SIN_DESCRIPCION
79069A,,SIN_DESCRIPCION
84247B,,SIN_DESCRIPCION
84986A,,SIN_DESCRIPCION
35980A,,SIN_DESCRIPCION
84940,,SIN_DESCRIPCION
79053A,,SIN_DESCRIPCION
22039,BOTANICAL LILY GIFT WRAP,PAPELERIA_EMPAQUE
22038,BOTANICAL LAVENDER GIFT WRAP ,PAPELERIA_EMPAQUE
20885,BOX OF 3 PEBBLE CANDLES,ILUMINACION
72655C,,SIN_DESCRIPCION
35977B,,SIN_DESCRIPCION
35975B,,SIN_DESCRIPCION
20959,,SIN_DESCRIPCION
85231D,,SIN_DESCRIPCION
85025A,,SIN_DESCRIPCION
21492,,SIN_DESCRIPCION
21362,,SIN_DESCRIPCION
35994,,SIN_DESCRIPCION
47340B,,SIN_DESCRIPCION
71409B,,SIN_DESCRIPCION
84247N,,SIN_DESCRIPCION
20995,,SIN_DESCRIPCION
21787,,SIN_DESCRIPCION
37451,,SIN_DESCRIPCION
21487,,SIN_DESCRIPCION
84558B,,SIN_DESCRIPCION
21859,,SIN_DESCRIPCION
79053B,,SIN_DESCRIPCION
21029,,SIN_DESCRIPCION
20743,,SIN_DESCRIPCION
21505,,SIN_DESCRIPCION
84803B,,SIN_DESCRIPCION
21148,,SIN_DESCRIPCION
79165,,SIN_DESCRIPCION
72483,,SIN_DESCRIPCION
16195,,SIN_DESCRIPCION
84811A,,SIN_DESCRIPCION
47567,,SIN_DESCRIPCION
71028A,,SIN_DESCRIPCION
84924F,PSYCHEDELIC METAL SIGN CALENDAR,OTROS_VARIOS
90160C,TURQ+RED BOUDICCA LARGE BRACELET,OTROS_VARIOS
90183B,AMETHYST DROP EARRINGS W LONG BEADS,OTROS_VARIOS
37494a,FAIRY CAKE CERAMIC BUTTER DISH,COCINA_MESA
84406b,CREAM CUPID HEARTS COAT HANGER,COCINA_MESA
72807b,SET/3 OCEAN SCENT CANDLE JEWEL BOX,ILUMINACION
85232b,SET/3 RUSSIAN DOLL STACKING TINS,PAPELERIA_EMPAQUE
85159b,"WHITE TEA,COFFEE,SUGAR JARS",OTROS_VARIOS
DCGS0066N,NAVY CUDDLES DOG HOODIE,OTROS_VARIOS
37351,ORANGE FLOWER MUG ,COCINA_MESA
47567b,TEA TIME KITCHEN APRON,COCINA_MESA
85124b,BLUE JUICY FRUIT PHOTO FRAME,OTROS_VARIOS
85184c,S/4 VALENTINE DECOUPAGE HEART BOX,PAPELERIA_EMPAQUE
79051a,SMOKEY GREY COLOUR D.O.F. GLASS,OTROS_VARIOS
84899A,,SIN_DESCRIPCION
85114a,BLACK ENCHANTED FOREST PLACEMAT,OTROS_VARIOS
84928,,SIN_DESCRIPCION
37482b,CUBIC MUG BLUE POLKA DOT,COCINA_MESA
47347A,,SIN_DESCRIPCION
79309A,,SIN_DESCRIPCION
85098A,,SIN_DESCRIPCION
79302m,"ART LIGHTS,FUNK MONKEY",ILUMINACION
48172,,SIN_DESCRIPCION
84927C,,SIN_DESCRIPCION
84509a,ENGLISH ROSE PLACEMATS,OTROS_VARIOS
84912a,PINK ROSE WASHBAG,PAPELERIA_EMPAQUE
85123b,ZINC HANGING HEART T-LITE HLDR,OTROS_VARIOS
84029c,BROWN FURRY HOT WATER BOTTLE,OTROS_VARIOS
72778,,SIN_DESCRIPCION
84757,,SIN_DESCRIPCION
90121A,,SIN_DESCRIPCION
85184A,,SIN_DESCRIPCION
90052,CRACKED GLAZE NECKLACE BROWN,OTROS_VARIOS
21369,MIRRORED WALL ART SPLODGES,OTROS_VARIOS
21290,LARGE SPOTTY CHOCOLATE GIFT BAG,PAPELERIA_EMPAQUE
90123C,GREEN HEART OF GLASS BRACELET,OTROS_VARIOS
90201C,RED ENAMEL FLOWER RING,OTROS_VARIOS
gift_0001_30,Dotcomgiftshop Gift Voucher £30.00,OTROS_VARIOS
37452B,,SIN_DESCRIPCION
37452A,,SIN_DESCRIPCION
90058B,CRYSTAL STUD EARRINGS ASSORTED COL ,OTROS_VARIOS
46776E,WOVEN CANDY CUSHION COVER ,TEXTIL_HOGAR
79337,BLUE FLOCK GLASS CANDLEHOLDER,ILUMINACION
21420,OYSTER TRINKET BOX,PAPELERIA_EMPAQUE
84292B,BLUE COL METAL FOLDING CHAIR,OTROS_VARIOS
47009,,SIN_DESCRIPCION
37509,,SIN_DESCRIPCION
20911,,SIN_DESCRIPCION
35990,,SIN_DESCRIPCION
84671A,,SIN_DESCRIPCION
22213,,SIN_DESCRIPCION
84877C,,SIN_DESCRIPCION
85232C,,SIN_DESCRIPCION
90082C,,SIN_DESCRIPCION
90091,,SIN_DESCRIPCION
22365,DOORMAT RESPECTABLE HOUSE,TEXTIL_HOGAR
22366,DOORMAT AIRMAIL ,TEXTIL_HOGAR
35654,VINTAGE BEAD FILLED PINK CUSHION,TEXTIL_HOGAR
85219,S/4 HEART CRYSTAL FRIDGE MAGNETS,OTROS_VARIOS
85130C,BEADED CRYSTAL HEART BLUE  LARGE,OTROS_VARIOS
84614C,BLUE BAROQUE FLOCK CANDLE HOLDER,ILUMINACION
21772,VINTAGE METAL CAKE STAND CREAM ,COCINA_MESA
84804B,BLUE DELPHINIUM ARTIFICIAL FLOWER,OTROS_VARIOS
84801A,PINK HYDRANGEA ART FLOWER,OTROS_VARIOS
84798A,PINK FOXGLOVE ARTIIFCIAL FLOWER,OTROS_VARIOS
84798C,WHITE FOXGLOVE ARTIIFCIAL FLOWER,OTROS_VARIOS
85194S,HANGING SPRING FLOWER EGG SMALL,OTROS_VARIOS
21363,HOME SMALL WOOD LETTERS,OTROS_VARIOS
85019A,ROMANTIC IMAGES NOTEBOOK SET,OTROS_VARIOS
90096,NECKLACE+BRACELET SET BLUE BLOSSOM,OTROS_VARIOS
84967B,BLUE KASHMIRI OCCASIONAL TABLE,OTROS_VARIOS
20850,ZINC HEART LATTICE PLANTER BOWL,COCINA_MESA
47574B,ENGLISH ROSE SCENTED HANGING HEART,OTROS_VARIOS
84974,S/2 ZINC HEART DESIGN PLANTERS,OTROS_VARIOS
22358,KINGS CHOICE TEA CADDY ,OTROS_VARIOS
22357,KINGS CHOICE BISCUIT TIN,PAPELERIA_EMPAQUE
84803A,PINK ALLIUM  ARTIFICIAL FLOWER,OTROS_VARIOS
84807,RED POPPY ARTIFICIAL FLOWER,OTROS_VARIOS
35912B,WHITE/PINK CHICK DECORATION,JUGUETES_DECOR
35913B,WHITE/PINK CHICK EASTER DECORATION,JUGUETES_DECOR
35910B,PINK FLOWERS RABBIT EASTER,OTROS_VARIOS
20715,LITTLE FLOWER SHOPPER BAG,PAPELERIA_EMPAQUE
84805B,BLUE CLIMBING HYDRANGA ART FLOWER,OTROS_VARIOS
84798B,PURPLE FOXGLOVE ARTIIFCIAL FLOWER,OTROS_VARIOS
62096A,PINK/YELLOW FLOWERS HANDBAG,PAPELERIA_EMPAQUE
84611B,BLACK NEW BAROQUE FLOCK BOX,PAPELERIA_EMPAQUE
16054,POPART RECT PENCIL SHARPENER ASST,OTROS_VARIOS
16044,POP-ART FLUORESCENT PENS,OTROS_VARIOS
16053,POPART COL BALLPOINT PEN ASST,OTROS_VARIOS
16045,POPART WOODEN PENCILS ASST,OTROS_VARIOS
84718,,SIN_DESCRIPCION
22326,"ROUND SNACK BOXES ,SET4, WOODLAND ",PAPELERIA_EMPAQUE
22328,"ROUND SNACK BOXES ,SET 4, FRUITS ",PAPELERIA_EMPAQUE
21562,HAWAIIAN GRASS SKIRT ,OTROS_VARIOS
84917,WHITE HAND TOWEL WITH BUTTERFLY,TEXTIL_HOGAR
84867A,PINK BABY GIRLS PHOTO ALBUM,OTROS_VARIOS
20794,BLUE  TILE HOOK,OTROS_VARIOS
84612B,SET/4 BLACK  BAROQUE FLOCK COASTER,OTROS_VARIOS
84464,S/60 PINK FLUFFY CHICKS IN BOX,PAPELERIA_EMPAQUE
84984A,GREEN PEONY DES C/COVER,OTROS_VARIOS
84984B,RED PEONY DES C/COVER ,OTROS_VARIOS
21393,BLUE  SPOTTY PUDDING BOWL,COCINA_MESA
22329,ROUND CONTAINER SET OF 5 RETROSPOT,OTROS_VARIOS
22367,CHILDS APRON SPACEBOY DESIGN,TEXTIL_HOGAR
22414,DOORMAT NEIGHBOURHOOD WITCH ,TEXTIL_HOGAR
22327,ROUND SNACK BOXES SET OF 4 SKULLS,PAPELERIA_EMPAQUE
16156L,"WRAP, CAROUSEL",PAPELERIA_EMPAQUE
37462E,"PET MUG, GOLDFISH",COCINA_MESA
90130D,RED STONE/CRYSTAL EARRINGS,OTROS_VARIOS
16254,TRANSPARENT ACRYLIC TAPE DISPENSER,OTROS_VARIOS
90016C,SILVER/BLACK PENDANT ORBIT NECKLACE,OTROS_VARIOS
90122A,PINK CRYSTAL+GLASS BRACELET,OTROS_VARIOS
84313C,ORANGE TV TRAY TABLE ,OTROS_VARIOS
21857,STAR WARS TOP TRUMPS GAME,JUGUETES_DECOR
37479B,CUBIC MUG FLOCK BLUE ON BROWN,COCINA_MESA
84455,SET OF 3 RABBIT CARROTS EASTER,OTROS_VARIOS
84653,GREEN ROSE QUILT ,OTROS_VARIOS
85130B,BEADED CRYSTAL HEART GREEN LARGE,OTROS_VARIOS
90025F,BAROQUE BUTTERFLY EARRINGS CRYSTAL,OTROS_VARIOS
90055,CRACKED GLAZE EARRINGS BROWN,OTROS_VARIOS
90123B,TURQUOISE HEART OF GLASS BRACELET,OTROS_VARIOS
84437A,S/6 PINK EASTER DECS IN BOX,PAPELERIA_EMPAQUE
84509E,CAROUSEL PLACEMATS ,OTROS_VARIOS
84510E,SET OF 4 GREEN CAROUSEL COASTERS,OTROS_VARIOS
85092,CANDY SPOT TEA COSY,OTROS_VARIOS
85205B,PINK FELT EASTER RABBIT GARLAND,OTROS_VARIOS
90156,RESIN BRACELET W PASTEL BEADS,OTROS_VARIOS
20800,LARGE GLASS SUNDAE DISH CLEAR,OTROS_VARIOS
21454,PAINTED PINK RABBIT ,OTROS_VARIOS
37491B,BLUE/YELLOW CERAMIC CANDLE HOLDER,ILUMINACION
37330,SPOTS MUG,COCINA_MESA
47599B,BLUE PARTY BAGS ,PAPELERIA_EMPAQUE
85188B,PINK METAL SWINGING BUNNY,OTROS_VARIOS
21502,,SIN_DESCRIPCION
72606A,BROWN ANTIQUE CUBE CANDLE,ILUMINACION
47583A,SET OF 3 WICKER BASKET ROSE,OTROS_VARIOS
90053,CRACKED GLAZE EARRINGS IVORY,OTROS_VARIOS
37326,FAIRY DESIGN MUGS,COCINA_MESA
72740B,LARGE WHITE CHOCOLATE CANDLE,ILUMINACION
21386,IVORY HANGING DECORATION  EGG,JUGUETES_DECOR
81952B,ROUND BLUE CLOCK W/SUCKER,OTROS_VARIOS
20891,LARGE GLASS ROSE SCENTED CANDLE ,ILUMINACION
90039B,FIRE POLISHED GLASS BRACELET MONTAN,OTROS_VARIOS
84925F,PSYCHEDELIC WALL THERMOMETER,OTROS_VARIOS
85120,,SIN_DESCRIPCION
90013D,PURPLE VINTAGE EARRINGS,OTROS_VARIOS
44235,ASS COL CIRCLE MOBILE ,OTROS_VARIOS
21759,METAL WALL SHELF UNIT WITH HOOKS,OTROS_VARIOS
85187,S/12 MINI RABBIT EASTER,OTROS_VARIOS
90001B,ANTIQUE MID BLUE FLOWER EARRINGS,OTROS_VARIOS
90064A,WHITE VINTAGE CRYSTAL EARRINGS,OTROS_VARIOS
90160A,PURPLE BOUDICCA LARGE BRACELET,OTROS_VARIOS
21653,GLASS ETCHED T-LIGHT HOLDER LARGE,ILUMINACION
15058B,PINK WHITE SPOTS GARDEN PARASOL,JARDIN
85157,SET OF 2 CHESTS CHOCOLAT AU LAIT,OTROS_VARIOS
35637C,PINK STRING CURTAIN WITH POLE,OTROS_VARIOS
17014D,ORIGAMI ROSE INCENSE CONES,OTROS_VARIOS
90076,MONTANA DIAMOND CLUSTER EARRINGS,OTROS_VARIOS
84599,CANDY STRIPE ROSE FLOOR CUSHION,TEXTIL_HOGAR
37489D,PINK/GREEN FLOWER DESIGN BIG MUG,COCINA_MESA
37409,ASSORTED DESIGN FLOWER MUGS,COCINA_MESA
84766,SILVER ROCOCO CANDLE STICK,ILUMINACION
82545A,COGNAC AUX OEUFS METAL 1 HOOK,OTROS_VARIOS
20791,BLUE TILED SET OF 3 DRAWERS,OTROS_VARIOS
84849D,HOT BATHS SOAP HOLDER,OTROS_VARIOS
16206B,,SIN_DESCRIPCION
84033,FLAG OF ST GEORGE ,OTROS_VARIOS
22106,MIRROR MOSAIC HURRICANE LAMP ,ILUMINACION
21089,SET/6 GREEN SPRING PAPER CUPS,COCINA_MESA
21097,SET/6 GREEN SPRING  PAPER PLATE,COCINA_MESA
90108,BLUE BLOSSOM HAIR CLIP,OTROS_VARIOS
16010,FOLDING CAMPING SCISSOR W/KNIF & S,OTROS_VARIOS
20787,BLUE RETRO BAR STOOL,OTROS_VARIOS
20698,LITTLE PINK MONSTER SOFT TOY,JUGUETES_DECOR
72796C,S/3 ROSE GARDEN SCENT SQU CANDLE,JARDIN
85027L,FRENCH CHATEAU LARGE PLATTER ,OTROS_VARIOS
78026,SEAGRASS S/3 SQU LAUNDRY BOX,PAPELERIA_EMPAQUE
84458,S/3 RABBIT FLOWER/EGG/CARROT ROPE,OTROS_VARIOS
20801,LARGE PINK GLASS SUNDAE DISH,OTROS_VARIOS
84972M,,SIN_DESCRIPCION
90189A,SILVER 2 STRAND NECKLACE-LEAF CHARM,OTROS_VARIOS
21409,SPOTTY COCKEREL DOORSTOP,OTROS_VARIOS
85023C,PINK LARGE JEWELED PHOTOFRAME,OTROS_VARIOS
82577,,SIN_DESCRIPCION
90036B,"FLOWER GLASS GARLAND NECKL.36""GREEN",OTROS_VARIOS
90059B,DIAMANTE HAIR GRIP PACK/2 BLACK DIA,OTROS_VARIOS
90183A,AMBER DROP EARRINGS W LONG BEADS,OTROS_VARIOS
62094B,TURQ ICE CREAM BUM BAG ,PAPELERIA_EMPAQUE
21476,STEEL SWEETHEART ROUND TABLE CREAM,OTROS_VARIOS
35970,ZINC FOLKART SLEIGH BELLS,OTROS_VARIOS
84966B,BLUE KASHMIRI BOXED MIRROR,PAPELERIA_EMPAQUE
84966A,PINK KASHMIRI BOXED MIRROR,PAPELERIA_EMPAQUE
47469,ASSORTED SHAPES PHOTO CLIP SILVER ,OTROS_VARIOS
84800L,LARGE WHITE/PINK ROSE ART FLOWER,OTROS_VARIOS
84804A,CREAM DELPHINIUM ARTIFICIAL FLOWER,OTROS_VARIOS
PADS,PADS TO MATCH ALL CUSHIONS,TEXTIL_HOGAR
16161G,WRAP BAD HAIR DAY,PAPELERIA_EMPAQUE
85024B,EAU DE NILE JEWELLED PHOTOFRAME,OTROS_VARIOS
84820,DANISH ROSE TRINKET TRAYS,OTROS_VARIOS
90141D,ROSE PENDANT TRIPLE SHELL NECKLACE,OTROS_VARIOS
21793,CLASSIC FRENCH STYLE BASKET BROWN,OTROS_VARIOS
21792,CLASSIC FRENCH STYLE BASKET GREEN ,OTROS_VARIOS
84567,FROSTED GLASS WITH SILVER SURROUND,OTROS_VARIOS
20965,,SIN_DESCRIPCION
90019B,GOLD M.O.P ORBIT BRACELET,OTROS_VARIOS
90157,RIVIERA NECKLACE,OTROS_VARIOS
22257,FELT FARM ANIMAL SHEEP,OTROS_VARIOS
79301,FEATHER HEART LIGHTS,ILUMINACION
84630,FLOWERS AND BIRDS WALL PLAQUE,OTROS_VARIOS
90032,IVORY SHELL HEART NECKLACE,OTROS_VARIOS
17014F,ORIGAMI SANDLEWOOD INCENSE CONES,OTROS_VARIOS
16240,,SIN_DESCRIPCION
84799,SPRIG LAVENDER ARTIFICIAL FLOWER,OTROS_VARIOS
20890,SMALL GLASS ROSE SCENTED CANDLE,ILUMINACION
21474,SWEETHEART CREAM STEEL FOLDIN BENCH,OTROS_VARIOS
84933D,,SIN_DESCRIPCION
16200A,,SIN_DESCRIPCION
20844,,SIN_DESCRIPCION
21325,,SIN_DESCRIPCION
20937,,SIN_DESCRIPCION
21753,,SIN_DESCRIPCION
35813A,,SIN_DESCRIPCION
37445A,,SIN_DESCRIPCION
37445C,,SIN_DESCRIPCION
37365Y,,SIN_DESCRIPCION
37445D,,SIN_DESCRIPCION
37350,,SIN_DESCRIPCION
37353,,SIN_DESCRIPCION
35921,EASTER BUNNY HANGING GARLAND,OTROS_VARIOS
20786,BLACK RETRO BAR STOOL,OTROS_VARIOS
20785,FUSCHIA RETRO BAR STOOL,OTROS_VARIOS
37493C,,SIN_DESCRIPCION
37493B,,SIN_DESCRIPCION
37493D,,SIN_DESCRIPCION
84874A,,SIN_DESCRIPCION
84898E,,SIN_DESCRIPCION
79023B,,SIN_DESCRIPCION
21346,LARGE SILVER BALUSTRADE CANDLESTICK,ILUMINACION
85032B,BLOSSOM IMAGES GIFT WRAP SET,PAPELERIA_EMPAQUE
17021,NAMASTE SWAGAT INCENSE,OTROS_VARIOS
72768,,SIN_DESCRIPCION
44266F,,SIN_DESCRIPCION
47581A,,SIN_DESCRIPCION
47565,,SIN_DESCRIPCION
79065B,,SIN_DESCRIPCION
84494B,,SIN_DESCRIPCION
84344,,SIN_DESCRIPCION
22380,TOY TIDY SPACEBOY  ,JUGUETES_DECOR
22383,LUNCHBAG SUKI  DESIGN ,PAPELERIA_EMPAQUE
22382,LUNCHBAG SPACEBOY DESIGN ,PAPELERIA_EMPAQUE
85070,,SIN_DESCRIPCION
84575A,,SIN_DESCRIPCION
84681,,SIN_DESCRIPCION
84723,,SIN_DESCRIPCION
84555A,,SIN_DESCRIPCION
44236,PINK/PURPLE CIRCLE CURTAIN,OTROS_VARIOS
15058A,BLUE WHITE SPOTS GARDEN PARASOL,JARDIN
15058C,ICE CREAM DESIGN GARDEN PARASOL,JARDIN
90128A,PINK LEAVES AND BEADS PHONE CHARM,OTROS_VARIOS
90162D,ANT SILVER PURPLE BOUDICCA RING,OTROS_VARIOS
90162A,ANT SILVER TURQUOISE BOUDICCA RING,OTROS_VARIOS
90128B,BLUE LEAVES AND BEADS PHONE CHARM,OTROS_VARIOS
21623,VINTAGE UNION JACK MEMOBOARD,OTROS_VARIOS
22381,TOY TIDY PINK RETROSPOT  ,JUGUETES_DECOR
84231,EASTER BUNNY WITH BASKET ON BACK,OTROS_VARIOS
84457,SET/3 RABBITS FLOWER SKIPPPING ROPE,OTROS_VARIOS
22259,FELT FARM ANIMAL HEN,OTROS_VARIOS
84806A,PINK CANDYSTUFT ARTIFICIAL FLOWER,OTROS_VARIOS
90102,WHITE FRANGIPANI HAIR CLIP,OTROS_VARIOS
72751D,,SIN_DESCRIPCION
72234,,SIN_DESCRIPCION
72715,,SIN_DESCRIPCION
72697A,,SIN_DESCRIPCION
22384,LUNCHBAG PINK RETROSPOT,PAPELERIA_EMPAQUE
72024HC,,SIN_DESCRIPCION
22379,RECYCLING BAG RETROSPOT ,PAPELERIA_EMPAQUE
35638A,PINK AND BLACK STRING CURTAIN,OTROS_VARIOS
20779,PINK EAR MUFF HEADPHONES,OTROS_VARIOS
22378,WALL TIDY RETROSPOT ,OTROS_VARIOS
44241C,BLUE BUTTERFLY ON SPRING,OTROS_VARIOS
84030b,KNITTED POM POM HOT WATER BOTTLE,OTROS_VARIOS
84596e,SMALL LICORICE DES PINK BOWL,COCINA_MESA
72801d,S/4 SKY BLUE DINNER CANDLES,ILUMINACION
84993b,75 BLACK PETIT FOUR CASES,OTROS_VARIOS
84989b,75 BLACK FAIRY CAKE CASES,COCINA_MESA
84993a,75 GREEN PETIT FOUR CASES,OTROS_VARIOS
21087,SET/6 POSIES PAPER CUPS,COCINA_MESA
84867b,BLUE BABY BOY'S PHOTO ALBUM,OTROS_VARIOS
21394,RED SPOTTY BEAKER ,OTROS_VARIOS
79303A,WHITE ROHMBIC BLOCK TABLE LAMP,ILUMINACION
84030B,,SIN_DESCRIPCION
22377,BOTTLE BAG RETROSPOT ,PAPELERIA_EMPAQUE
84868A,PINK BABY GIRL'S MEMORY BOX,PAPELERIA_EMPAQUE
84868B,BLUE BABY BOY'S MEMORY BOX,PAPELERIA_EMPAQUE
47518F,ICON PLACEMAT POP ART ELVIS,OTROS_VARIOS
71434B,"BLACK RND BULLET""KEEP CLEAN"" BIN",OTROS_VARIOS
46000R,POLYESTER FILLER PAD 45x30cm,OTROS_VARIOS
ADJUST,Adjustment by john on 26/01/2010 16,OTROS_VARIOS
48173A,DOOR MAT BLUE FLOCK,OTROS_VARIOS
90050,CRACKED GLAZE NECKLACE IVORY,OTROS_VARIOS
90179A,AMBER FINE BEAD NECKLACE W TASSEL,OTROS_VARIOS
90181A,AMBER GLASS/SHELL/PEARL NECKLACE,OTROS_VARIOS
16156A,,SIN_DESCRIPCION
16169H,,SIN_DESCRIPCION
84809B,PINK CHRYSANTHEMUMS ART FLOWER,OTROS_VARIOS
84809A,WHITE CHRYSANTHEMUMS ART FLOWER,OTROS_VARIOS
35822B,,SIN_DESCRIPCION
35822P,,SIN_DESCRIPCION
21794,CLASSIC FRENCH STYLE BASKET NATURAL,OTROS_VARIOS
78033,FLAG OF ST GEORGE CHAIR,OTROS_VARIOS
35920,FOUR RABBIT EASTER DECORATIONS,JUGUETES_DECOR
84447,6 RABBIT CHAIN EASTER,OTROS_VARIOS
37491D,PURPLE/BLUE CERAMIC CANDLE HOLDER,ILUMINACION
21455,PAINTED YELLOW WOODEN DAISY,OTROS_VARIOS
84881,BLUE WIRE SPIRAL CANDLE HOLDER,ILUMINACION
21459,YELLOW EASTER EGG HUNT START POST,OTROS_VARIOS
84642,,SIN_DESCRIPCION
84641,damages,OTROS_VARIOS
71495B,CD WALL TIDY RED FLOWERS,OTROS_VARIOS
90024A,NEW BAROQUE B'FLY NECKLACE BLACK,OTROS_VARIOS
84886,BLUE METAL WALL SHELF,OTROS_VARIOS
84800M,MEDIUM WHITE/PINK ROSE ART FLOWER,OTROS_VARIOS
85131C,BEADED CRYSTAL HEART BLUE ON STICK,OTROS_VARIOS
84596I,,SIN_DESCRIPCION
47340A,,SIN_DESCRIPCION
21461,BLUE EASTER EGG HUNT START POST,OTROS_VARIOS
21460,GREEN EASTER EGG HUNT START POST,OTROS_VARIOS
22657,,SIN_DESCRIPCION
21907,I'M ON HOLIDAY METAL SIGN,OTROS_VARIOS
22386,JUMBO BAG PINK WITH WHITE SPOTS,PAPELERIA_EMPAQUE
22385,JUMBO BAG SPACEBOY DESIGN,PAPELERIA_EMPAQUE
22496,SET OF 2 ROUND TINS DUTCH CHEESE,PAPELERIA_EMPAQUE
22495,SET OF 2 ROUND TINS CAMEMBERT ,PAPELERIA_EMPAQUE
22413,METAL SIGN TAKE IT OR LEAVE IT ,OTROS_VARIOS
22411,JUMBO SHOPPER VINTAGE RED PAISLEY,OTROS_VARIOS
22494,EMERGENCY FIRST AID TIN ,PAPELERIA_EMPAQUE
22412,METAL SIGN NEIGHBOURHOOD WITCH ,OTROS_VARIOS
46137D,GREEN CHENILLE SHAGGY RUG,OTROS_VARIOS
gift_0001_40,,SIN_DESCRIPCION
gift_0001_60,,SIN_DESCRIPCION
gift_0001_70,,SIN_DESCRIPCION
22016,,SIN_DESCRIPCION
gift_0001_90,,SIN_DESCRIPCION
84797A,PINK HAWAIIAN PICNIC HAMPER FOR 4,OTROS_VARIOS
84219,BOX/12 MOTHER & CHICK IN BASKET/BOW,PAPELERIA_EMPAQUE
84461,12 PINK HEN+CHICKS IN BASKET,OTROS_VARIOS
21763,VINTAGE WOODEN BAR STOOL,OTROS_VARIOS
22500,SET OF 2 TINS JARDIN DE PROVENCE,PAPELERIA_EMPAQUE
22497,SET OF 2 TINS VINTAGE BATHROOM ,PAPELERIA_EMPAQUE
78027,SEAGRASS S/2 CORNER LAUNDRY ,OTROS_VARIOS
72821,CUPID SCENTED CANDLE IN GLASS,COCINA_MESA
90149,SILVER FLOWR PINK SHELL NECKLACE,OTROS_VARIOS
84218,BOX/12 CHICK & EGG IN BASKET,PAPELERIA_EMPAQUE
22417,PACK OF 60 SPACEBOY CAKE CASES,COCINA_MESA
62095B,TURQOISE ICE CREAM SUNHAT,OTROS_VARIOS
17174,ASSTD RASTA KEY-CHAINS,OTROS_VARIOS
21008,ETCHED GLASS HEART TREE DECORATION,JUGUETES_DECOR
84559a,3D SHEET OF DOG STICKERS,OTROS_VARIOS
82613a,"METAL SIGN,CUPCAKE SINGLE HOOK",COCINA_MESA
82613b,"METAL SIGN,CUPCAKE SINGLE HOOK",COCINA_MESA
82613c,"METAL SIGN,CUPCAKE SINGLE HOOK",COCINA_MESA
79071B,ENGLISH ROSE METAL WASTE BIN,OTROS_VARIOS
79140,ASS WINDPROOF MARIJUANA LIGHTERS,ILUMINACION
20822,SILVER WINE GOBLET,OTROS_VARIOS
84227,,SIN_DESCRIPCION
17120,,SIN_DESCRIPCION
84927E,FLOWERS TILE HOOK,OTROS_VARIOS
84462,3 PINK HEN+CHICKS IN BASKET,OTROS_VARIOS
84366,VENDETTA CANVAS PICTURE,OTROS_VARIOS
90114,SUMMER DAISIES BAG CHARM,PAPELERIA_EMPAQUE
90116,FRUIT SALAD BAG CHARM,PAPELERIA_EMPAQUE
22499,WOODEN UNION JACK BUNTING,PAPELERIA_EMPAQUE
90197D,AMBER GLASS BRACELET HEART CHARMS,OTROS_VARIOS
85205A,IVORY FELT EASTER RABBIT GARLAND,OTROS_VARIOS
84963A,PINK PAINTED KASHMIRI CHAIR,OTROS_VARIOS
84967A,PINK KASHMIRI OCCASIONAL TABLE,OTROS_VARIOS
22416,36 DOILIES SPACEBOY DESIGN ,OTROS_VARIOS
82011A,"BATHROOM SCALES, TROPICAL BEACH",OTROS_VARIOS
85193S,,SIN_DESCRIPCION
90214V,"LETTER ""V"" BLING KEY RING",OTROS_VARIOS
21855,,SIN_DESCRIPCION
16131,,SIN_DESCRIPCION
20720,,SIN_DESCRIPCION
18094A,,SIN_DESCRIPCION
21345,,SIN_DESCRIPCION
84857A,SILVER MONTE CARLO HANDBAG,PAPELERIA_EMPAQUE
21047,,SIN_DESCRIPCION
21052,,SIN_DESCRIPCION
22498,WOODEN REGATTA BUNTING,PAPELERIA_EMPAQUE
21862,,SIN_DESCRIPCION
21863,,SIN_DESCRIPCION
35644,PAIR PINK/BLACK COATHANGERS,OTROS_VARIOS
84859B,BLUE DISCO HANDBAG,PAPELERIA_EMPAQUE
72045A,,SIN_DESCRIPCION
72748,,SIN_DESCRIPCION
79064C,,SIN_DESCRIPCION
79302C,,SIN_DESCRIPCION
79302J,,SIN_DESCRIPCION
79308B,,SIN_DESCRIPCION
84248E,,SIN_DESCRIPCION
85057,,SIN_DESCRIPCION
90097,,SIN_DESCRIPCION
DCGSSGIRL,,SIN_DESCRIPCION
21835,,SIN_DESCRIPCION
44091A,,SIN_DESCRIPCION
72755A,,SIN_DESCRIPCION
82011E,,SIN_DESCRIPCION
79333,,SIN_DESCRIPCION
82576,,SIN_DESCRIPCION
82096,,SIN_DESCRIPCION
DCGS0006,,SIN_DESCRIPCION
DCGS0016,,SIN_DESCRIPCION
DCGS0027,,SIN_DESCRIPCION
DCGS0036,,SIN_DESCRIPCION
DCGS0039,,SIN_DESCRIPCION
16245B,,SIN_DESCRIPCION
16222B,,SIN_DESCRIPCION
17017,,SIN_DESCRIPCION
18033,,SIN_DESCRIPCION
21301,,SIN_DESCRIPCION
21601,,SIN_DESCRIPCION
35232,,SIN_DESCRIPCION
37504,,SIN_DESCRIPCION
72809,,SIN_DESCRIPCION
72798B,,SIN_DESCRIPCION
79057B,,SIN_DESCRIPCION
84341A,,SIN_DESCRIPCION
79082C,,SIN_DESCRIPCION
84585L,,SIN_DESCRIPCION
84699,,SIN_DESCRIPCION
84672A,,SIN_DESCRIPCION
84752B,,SIN_DESCRIPCION
85051,,SIN_DESCRIPCION
85056,,SIN_DESCRIPCION
16248A,,SIN_DESCRIPCION
18096B,,SIN_DESCRIPCION
21227,,SIN_DESCRIPCION
70037L,,SIN_DESCRIPCION
35473,,SIN_DESCRIPCION
16065A,,SIN_DESCRIPCION
21183,,SIN_DESCRIPCION
84705E,,SIN_DESCRIPCION
84825,,SIN_DESCRIPCION
90197A,,SIN_DESCRIPCION
84927A,WAKE UP COCKEREL TILE HOOK,OTROS_VARIOS
84465,15 PINK FLUFFY CHICKS IN BOX,PAPELERIA_EMPAQUE
79315B,,SIN_DESCRIPCION
79070B,,SIN_DESCRIPCION
84460A,,SIN_DESCRIPCION
84750C,,SIN_DESCRIPCION
84810C,,SIN_DESCRIPCION
84938,,SIN_DESCRIPCION
85105,,SIN_DESCRIPCION
DCGS0060,,SIN_DESCRIPCION
47421,ASSORTED COLOUR LIZARD SUCTION HOOK,OTROS_VARIOS
21170,,SIN_DESCRIPCION
35442,,SIN_DESCRIPCION
35960,,SIN_DESCRIPCION
72348B,,SIN_DESCRIPCION
84395,,SIN_DESCRIPCION
DCGS0056,,SIN_DESCRIPCION
85148,,SIN_DESCRIPCION
16155H,,SIN_DESCRIPCION
21104,,SIN_DESCRIPCION
37490C,,SIN_DESCRIPCION
45008L,,SIN_DESCRIPCION
84897A,,SIN_DESCRIPCION
72620A,,SIN_DESCRIPCION
17084A,TRANQUILITY MASALA INCENSE,OTROS_VARIOS
44089A,PINK GAUZE BUTTERFLY LAMPSHADE,ILUMINACION
44089C,LILAC GAUZE BUTTERFLY LAMPSHADE,ILUMINACION
75132,,SIN_DESCRIPCION
17027A,INCENSE BAZAAR CANNABIS,OTROS_VARIOS
44276,,SIN_DESCRIPCION
21909,,SIN_DESCRIPCION
82039C,,SIN_DESCRIPCION
84857B,,SIN_DESCRIPCION
84873B,,SIN_DESCRIPCION
84923,PINK BUTTERFLY HANDBAG W BOBBLES,PAPELERIA_EMPAQUE
21176,,SIN_DESCRIPCION
35926,,SIN_DESCRIPCION
79003B,,SIN_DESCRIPCION
84904,,SIN_DESCRIPCION
20816,GOLD FLOWER CUSHION COVER ,TEXTIL_HOGAR
84249A,"GREETING CARD,SQUARE, DOUGHNUTS",PAPELERIA_EMPAQUE
21236,,SIN_DESCRIPCION
20955,,SIN_DESCRIPCION
72140D,,SIN_DESCRIPCION
15060A,,SIN_DESCRIPCION
21382,,SIN_DESCRIPCION
21510,,SIN_DESCRIPCION
47559,,SIN_DESCRIPCION
72671B,,SIN_DESCRIPCION
85207B,,SIN_DESCRIPCION
16132,,SIN_DESCRIPCION
84867B,,SIN_DESCRIPCION
21083,,SIN_DESCRIPCION
21057,,SIN_DESCRIPCION
35794,,SIN_DESCRIPCION
72798A,,SIN_DESCRIPCION
84845B,,SIN_DESCRIPCION
DCGS0059,,SIN_DESCRIPCION
20946,,SIN_DESCRIPCION
21005,,SIN_DESCRIPCION
21776,,SIN_DESCRIPCION
21512,,SIN_DESCRIPCION
17012C,ORIGAMI LAVENDER INCENSE/CANDL SET ,OTROS_VARIOS
44228,,SIN_DESCRIPCION
48169,,SIN_DESCRIPCION
72806,,SIN_DESCRIPCION
82609,,SIN_DESCRIPCION
35591G,,SIN_DESCRIPCION
47595B,,SIN_DESCRIPCION
72754C,,SIN_DESCRIPCION
GIFT,,SIN_DESCRIPCION
21021,,SIN_DESCRIPCION
21022,,SIN_DESCRIPCION
21023,,SIN_DESCRIPCION
21342,,SIN_DESCRIPCION
35935,,SIN_DESCRIPCION
47285B,,SIN_DESCRIPCION
72719,,SIN_DESCRIPCION
47284V,,SIN_DESCRIPCION
79053D,,SIN_DESCRIPCION
82595,,SIN_DESCRIPCION
84394,,SIN_DESCRIPCION
84476A,,SIN_DESCRIPCION
84448,,SIN_DESCRIPCION
16249B,,SIN_DESCRIPCION
71265,,SIN_DESCRIPCION
72801H,,SIN_DESCRIPCION
84449,,SIN_DESCRIPCION
84248F,,SIN_DESCRIPCION
84866,,SIN_DESCRIPCION
84896C,,SIN_DESCRIPCION
21295,,SIN_DESCRIPCION
84871,,SIN_DESCRIPCION
84775,,SIN_DESCRIPCION
20900,,SIN_DESCRIPCION
21602,,SIN_DESCRIPCION
90005B,,SIN_DESCRIPCION
90197C,,SIN_DESCRIPCION
90080,,SIN_DESCRIPCION
20904,,SIN_DESCRIPCION
84966C,,SIN_DESCRIPCION
84908A,PINK 5 PATCH FLOWER CUSHION COVER ,TEXTIL_HOGAR
72751C,"F.FAIRY S/3 SML CANDLE, ROSE",ILUMINACION
47422,ASSORTED MONKEY SUCTION CUP HOOK,COCINA_MESA
85192S,HANGING SPRING FLOWER HEART SMALL,OTROS_VARIOS
79157B,UBO-LIGHT TRIOBASE BLUE,ILUMINACION
82072,WHITE WOOD SINGLE P/FRAME,OTROS_VARIOS
72331R,,SIN_DESCRIPCION
84817,DANISH ROSE DECORATIVE PLATE,COCINA_MESA
84192,ASSORTED COLOUR METAL CAT ,OTROS_VARIOS
84864A,PINK PAISLEY PHOTO ALBUM,OTROS_VARIOS
21196,ROUND WHITE CONFETTI IN TUBE,OTROS_VARIOS
84311,CAMOFLAGE CUSHION COVER,TEXTIL_HOGAR
71495A,CD WALL TIDY BLUE OFFICE,OTROS_VARIOS
79331,PINK FLOCK GLASS CANDLEHOLDER,ILUMINACION
90202A,PURPLE ENAMEL FLOWER HAIR TIE,OTROS_VARIOS
22372,AIRLINE BAG VINTAGE WORLD CHAMPION ,PAPELERIA_EMPAQUE
84814A,,SIN_DESCRIPCION
84511,,SIN_DESCRIPCION
21514,,SIN_DESCRIPCION
84849C,,SIN_DESCRIPCION
21113,,SIN_DESCRIPCION
84250H,,SIN_DESCRIPCION
84600A,,SIN_DESCRIPCION
84964A,,SIN_DESCRIPCION
10124A,,SIN_DESCRIPCION
20710,,SIN_DESCRIPCION
84597A,,SIN_DESCRIPCION
84967C,,SIN_DESCRIPCION
37489B,BLUE/YELLOW FLOWER DESIGN BIG MUG,COCINA_MESA
DCGSLBOY,,SIN_DESCRIPCION
84248B,,SIN_DESCRIPCION
47361,,SIN_DESCRIPCION
16210,,SIN_DESCRIPCION
21024,,SIN_DESCRIPCION
22371,AIRLINE BAG VINTAGE TOKYO 78,PAPELERIA_EMPAQUE
35604B,,SIN_DESCRIPCION
35948,,SIN_DESCRIPCION
37477C,,SIN_DESCRIPCION
21182,,SIN_DESCRIPCION
35925,,SIN_DESCRIPCION
37477D,,SIN_DESCRIPCION
20838,FRENCH LATTICE CUSHION COVER ,TEXTIL_HOGAR
22374,AIRLINE BAG VINTAGE JET SET RED,PAPELERIA_EMPAQUE
22376,AIRLINE BAG VINTAGE JET SET WHITE,PAPELERIA_EMPAQUE
22375,AIRLINE BAG VINTAGE JET SET BROWN,PAPELERIA_EMPAQUE
47563B,WAVELINE SURF IRONING BOARD COVER,OTROS_VARIOS
84529B,BLUE KNITTED KID'S RUCKSACK,OTROS_VARIOS
44217M,MULTICOLOUR FEATHERS CURTAIN,OTROS_VARIOS
84402C,,SIN_DESCRIPCION
90109,,SIN_DESCRIPCION
35978,damages,OTROS_VARIOS
16161N,,SIN_DESCRIPCION
35975A,,SIN_DESCRIPCION
90025A,,SIN_DESCRIPCION
84964B,,SIN_DESCRIPCION
90172,,SIN_DESCRIPCION
21760,,SIN_DESCRIPCION
35839,,SIN_DESCRIPCION
35608C,,SIN_DESCRIPCION
84440B,,SIN_DESCRIPCION
84200,,SIN_DESCRIPCION
85037,,SIN_DESCRIPCION
35608A,,SIN_DESCRIPCION
77079,,SIN_DESCRIPCION
37488A,,SIN_DESCRIPCION
84965A,,SIN_DESCRIPCION
16201C,,SIN_DESCRIPCION
35471B,,SIN_DESCRIPCION
90189B,GOLD 2 STRAND NECKLACE-LEAF CHARMS,OTROS_VARIOS
90078,PINK/WHITE GLASS DEMI CHOKER,OTROS_VARIOS
90025D,BAROQUE BUTTERFLY EARRINGS PINK,OTROS_VARIOS
16050,TEATIME PENCIL WITH RUBBER,OTROS_VARIOS
90025C,BAROQUE BUTTERFLY EARRINGS GREEN,OTROS_VARIOS
84614A,PINK BAROQUE FLOCK CANDLE HOLDER,ILUMINACION
75178,ASSTD COL BUTTERFLY/CRYSTAL W/CHIME,OTROS_VARIOS
35816P,"ACRYLIC JEWEL ANGEL,PINK",OTROS_VARIOS
22432,,SIN_DESCRIPCION
22433,my error - connor,OTROS_VARIOS
84884a,ANT WHITE WIRE HEART SPIRAL,OTROS_VARIOS
85039a,SET/4 RED MINI ROSE CANDLE IN BOWL,COCINA_MESA
47559b,TEA TIME OVEN GLOVE,OTROS_VARIOS
85035b,CHOCOLATE 3 WICK MORRIS BOX CANDLE,ILUMINACION
79066k,RETRO MOD TRAY,OTROS_VARIOS
85039b,S/4 IVORY MINI ROSE CANDLE IN BOWL,COCINA_MESA
m,Manual,OTROS_VARIOS
72801c,S/4 ROSE PINK DINNER CANDLES,ILUMINACION
79342b,BROWN FLOWER LIGHTS,ILUMINACION
84997d,PINK 3 PIECE MINI DOTS CUTLERY SET,OTROS_VARIOS
47556b,TEA TIME TEA TOWELS ,TEXTIL_HOGAR
72351a,SET/6 TURQUOISE BUTTERFLY T-LIGHTS,ILUMINACION
72801g,S/4 BURGUNDY WINE DINNER CANDLES,ILUMINACION
84800S,SMALL WHITE/PINK ROSE ART FLOWER,OTROS_VARIOS
90127B,BLUE BEADS+HAND PHONE CHARM,OTROS_VARIOS
35823P,"ACRYLIC BEAD GARLAND,PINK",OTROS_VARIOS
22431,WATERING CAN BLUE ELEPHANT,OTROS_VARIOS
DCGS0053,,SIN_DESCRIPCION
DCGS0062,,SIN_DESCRIPCION
DCGS0037,,SIN_DESCRIPCION
84629,WHITE 3 FRAME BIRDS AND TREE ,OTROS_VARIOS
84962,SET/3 COLOUR PAINTED KASHMIRI STOOL,OTROS_VARIOS
84965B,BLUE KASHMIRI COFFEE TABLE ,OTROS_VARIOS
84613A,PINK NEW BAROQUE FLOCK CANDLESTICK,ILUMINACION
21019,,SIN_DESCRIPCION
35940,,SIN_DESCRIPCION
35941,,SIN_DESCRIPCION
20944,,SIN_DESCRIPCION
37481,CUBIC MUG TEATIME CAKES,COCINA_MESA
21177,,SIN_DESCRIPCION
21778,,SIN_DESCRIPCION
16243A,,SIN_DESCRIPCION
16245A,,SIN_DESCRIPCION
62097B,,SIN_DESCRIPCION
20951,,SIN_DESCRIPCION
35909A,RABBIT EASTER DECORATION,JUGUETES_DECOR
21387,IVORY HANGING DECORATION  RABBIT,JUGUETES_DECOR
84751B,BLACK MEDIUM GLASS CAKE STAND,COCINA_MESA
22609,PENS ASSORTED SPACEBALL,OTROS_VARIOS
72083A,STRAWBERY SWIRL FLARE CANDLE,ILUMINACION
81953P,ROUND ARTICULATED PINK CLOCK W/SUCK,OTROS_VARIOS
DCGSSBOY,,SIN_DESCRIPCION
DCGSLGIRL,,SIN_DESCRIPCION
71431,,SIN_DESCRIPCION
79071A,,SIN_DESCRIPCION
45007B,,SIN_DESCRIPCION
84010,,SIN_DESCRIPCION
37490D,,SIN_DESCRIPCION
35763,,SIN_DESCRIPCION
35632A,,SIN_DESCRIPCION
17160,,SIN_DESCRIPCION
21020,,SIN_DESCRIPCION
85085A,,SIN_DESCRIPCION
35992,,SIN_DESCRIPCION
90128D,PURPLE LEAVES AND BEADS PHONE CHAR,OTROS_VARIOS
84760L,,SIN_DESCRIPCION
17010S,,SIN_DESCRIPCION
85223,,SIN_DESCRIPCION
35993,,SIN_DESCRIPCION
72226D,,SIN_DESCRIPCION
17084F,,SIN_DESCRIPCION
17014B,,SIN_DESCRIPCION
84224,,SIN_DESCRIPCION
85231A,,SIN_DESCRIPCION
84439B,,SIN_DESCRIPCION
17013E,,SIN_DESCRIPCION
79142,,SIN_DESCRIPCION
21585,,SIN_DESCRIPCION
21583,,SIN_DESCRIPCION
84389,,SIN_DESCRIPCION
90110,,SIN_DESCRIPCION
85050,,SIN_DESCRIPCION
84444C,,SIN_DESCRIPCION
22022,,SIN_DESCRIPCION
22610,PENS ASSORTED FUNNY FACE,OTROS_VARIOS
22608,PENS ASSORTED FUNKY JEWELED ,OTROS_VARIOS
72732,,SIN_DESCRIPCION
72759,,SIN_DESCRIPCION
84226,HEN HOUSE W FAMILY IN BARN & NEST,OTROS_VARIOS
84770,ROUND GEORGIAN SILVER MIRROR,OTROS_VARIOS
71496A,A4 WALL TIDY BLUE OFFICE,OTROS_VARIOS
84546,CROCHET POODLE KEYRING,OTROS_VARIOS
62086A,PINK RETRO BIG FLOWER BAG,PAPELERIA_EMPAQUE
90162C,ANT SILVER FUSCHIA BOUDICCA RING,OTROS_VARIOS
90162B,ANT SILVER LIME GREEN BOUDICCA RING,OTROS_VARIOS
84805A,CREAM CLIMBING HYDRANGA ART FLOWER,OTROS_VARIOS
84679,CLASSICAL ROSE TABLE LAMP,ILUMINACION
84908B,BLUE 5 PATCH FLOWER CUSHION COVER,TEXTIL_HOGAR
20836,FRENCH PAISLEY CUSHION COVER,TEXTIL_HOGAR
20958,,SIN_DESCRIPCION
21003,ROSE DU SUD CUSHION COVER,TEXTIL_HOGAR
22489,PACK OF 12 TRADITIONAL CRAYONS,OTROS_VARIOS
90086,CRYSTAL FROG PHONE CHARM,OTROS_VARIOS
84205C,HAPPY BIRTHDAY GINGER CAT CARD,PAPELERIA_EMPAQUE
84726,LILLIES CANVAS PICTURE,OTROS_VARIOS
84720,DOT MATRIX CANVAS ART PICTURE,OTROS_VARIOS
17012F,ORIGAMI SANDLEWOOD INCENSE/CAND SET,OTROS_VARIOS
84926A,WAKE UP COCKEREL TILE COASTER,OTROS_VARIOS
21197,MULTICOLOUR  CONFETTI IN TUBE,OTROS_VARIOS
35950,FOLKART HEART CHRISTMAS DECORATIONS,NAVIDAD
20835,FRENCH LATTICE CUSHION COVER ,TEXTIL_HOGAR
37379B,BLUE CHERRY BLOSSOM CUP & SAUCER,COCINA_MESA
22457,NATURAL SLATE HEART CHALKBOARD ,OTROS_VARIOS
22456,NATURAL SLATE CHALKBOARD LARGE ,OTROS_VARIOS
22483,RED GINGHAM TEDDY BEAR ,OTROS_VARIOS
22458,CAST IRON HOOK GARDEN FORK,JARDIN
22459,CAST IRON HOOK GARDEN TROWEL,JARDIN
22467,GUMBALL COAT RACK,OTROS_VARIOS
22465,HANGING METAL STAR LANTERN,ILUMINACION
22464,HANGING METAL HEART LANTERN,ILUMINACION
84796B,BLUE SAVANNAH PICNIC HAMPER FOR 2,OTROS_VARIOS
84873A,FUNKY FLOWER PICNIC BAG FOR 4,PAPELERIA_EMPAQUE
84872A,TEATIME FUNKY FLOWER BACKPACK FOR 2,OTROS_VARIOS
22478,BIRDHOUSE GARDEN MARKER ,JARDIN
22477,WATERING CAN GARDEN MARKER,JARDIN
22480,RED TEA TOWEL CLASSIC DESIGN,TEXTIL_HOGAR
22482,BLUE TEA TOWEL CLASSIC DESIGN,TEXTIL_HOGAR
22488,NATURAL SLATE RECTANGLE CHALKBOARD,OTROS_VARIOS
22485,SET OF 2 WOODEN MARKET CRATES,OTROS_VARIOS
22466,FAIRY TALE COTTAGE NIGHTLIGHT,ILUMINACION
18097A,PINK TALL PORCELAIN T-LIGHT HOLDER ,ILUMINACION
22475,SKULL DESIGN TV DINNER TRAY,OTROS_VARIOS
84520b,PACK 20 ENGLISH ROSE PAPER NAPKINS,PAPELERIA_EMPAQUE
15060b,FAIRY CAKE DESIGN UMBRELLA,COCINA_MESA
84661c,PINK SQUARE TABLE CLOCK,OTROS_VARIOS
85160a,WHITE BIRD GARDEN DESIGN MUG,JARDIN
85132b,CHARLIE AND LOLA TABLE TINS,PAPELERIA_EMPAQUE
22479,DAISY GARDEN MARKER,JARDIN
22487,WHITE WOOD GARDEN PLANT LADDER,JARDIN
22461,SAVOY ART DECO CLOCK,OTROS_VARIOS
S,SAMPLES,OTROS_VARIOS
22476,EMPIRE UNION JACK TV DINNER TRAY,OTROS_VARIOS
22481,BLACK TEA TOWEL CLASSIC DESIGN,TEXTIL_HOGAR
90075,MONTANA DIAMOND CLUSTER NECKLACE,OTROS_VARIOS
90025B,BAROQUE BUTTERFLY EARRINGS RED,OTROS_VARIOS
90074,BLACK DIAMOND CLUSTER NECKLACE,OTROS_VARIOS
47369A,PINK GREEN EMBROIDERY COSMETIC BAG,PAPELERIA_EMPAQUE
22474,SPACEBOY TV DINNER TRAY,OTROS_VARIOS
84251B,"GREETING CARD, STICKY GORDON",PAPELERIA_EMPAQUE
90135A,ORANGE/FUSCHIA STONES NECKLACE,OTROS_VARIOS
22460,EMBOSSED GLASS TEALIGHT HOLDER,ILUMINACION
90095,NECKLACE+BRACELET SET PINK BLOSSOM,OTROS_VARIOS
22468,BABUSHKA LIGHTS STRING OF 10,ILUMINACION
22486,PLASMATRONIC LAMP,ILUMINACION
79172D,PURPLE TINT ACRYLIC FLOWER VASE,PAPELERIA_EMPAQUE
22472,TV DINNER TRAY DOLLY GIRL,JUGUETES_DECOR
22569,FELTCRAFT CUSHION BUTTERFLY,TEXTIL_HOGAR
22568,FELTCRAFT CUSHION OWL,TEXTIL_HOGAR
22570,FELTCRAFT CUSHION RABBIT,TEXTIL_HOGAR
22586,FELTCRAFT HAIRBAND PINK AND BLUE,OTROS_VARIOS
22587,"FELTCRAFT HAIRBAND, S/2, RED/BLUE",OTROS_VARIOS
22565,FELTCRAFT HAIRBANDS PINK + WHITE ,OTROS_VARIOS
22566,"FELTCRAFT HAIRBAND S/2, PINK/PURPLE",OTROS_VARIOS
22585,PACK OF 6 BIRDY GIFT TAGS,PAPELERIA_EMPAQUE
22582,PACK OF 6 SWEETIE GIFT BOXES,PAPELERIA_EMPAQUE
22583,PACK OF 6 HANDBAG GIFT BOXES,PAPELERIA_EMPAQUE
22584,PACK OF 6 PANNETONE GIFT BOXES,PAPELERIA_EMPAQUE
79161A,ST GEORGE SET OF 10 PARTY LIGHTS,ILUMINACION
22509,SEWING BOX RETROSPOT DESIGN ,PAPELERIA_EMPAQUE
22505,MEMO BOARD COTTAGE DESIGN,OTROS_VARIOS
22473,TV DINNER TRAY VINTAGE PAISLEY,OTROS_VARIOS
22508,DOORSTOP RETROSPOT HEART,OTROS_VARIOS
22471,TV DINNER TRAY AIR HOSTESS ,OTROS_VARIOS
84632,DECORATIVE HANGING SHELVING UNIT,OTROS_VARIOS
22359,temp,OTROS_VARIOS
22361,temp,OTROS_VARIOS
22363,temp,OTROS_VARIOS
22364,,SIN_DESCRIPCION
22362,,SIN_DESCRIPCION
22507,MEMO BOARD RETROSPOT  DESIGN,OTROS_VARIOS
17012D,ORIGAMI ROSE INCENSE/CANDLE SET ,ILUMINACION
22510,DOORSTOP RUSSIAN DOLL GINGHAM,JUGUETES_DECOR
22511,DOORSTOP RUSSIAN DOLL RETROSPOT,JUGUETES_DECOR
22512,DOORSTOP RACING CAR DESIGN,OTROS_VARIOS
20860,,SIN_DESCRIPCION
84743C,ORANGE FELT VASE + FLOWERS,OTROS_VARIOS
21310,CAPIZ CHANDELIER,OTROS_VARIOS
84806B,WHITE CANDYSTUFT ARTIFICIAL FLOWER,OTROS_VARIOS
22513,DOORSTOP FOOTBALL DESIGN,OTROS_VARIOS
22659,LUNCHBOX I LOVE LONDON,PAPELERIA_EMPAQUE
22631,CIRCUS PARADE LUNCHBOX ,PAPELERIA_EMPAQUE
22618,COOKING SET RETROSPOT,OTROS_VARIOS
22617,BAKING SET SPACEBOY DESIGN,COCINA_MESA
DCGS0069,OOH LA LA DOGS COLLAR,OTROS_VARIOS
22423,REGENCY CAKESTAND 3 TIER,COCINA_MESA
84840,,SIN_DESCRIPCION
84613C,BLUE NEW BAROQUE FLOCK CANDLESTICK,ILUMINACION
90037B,TINY CRYSTAL BRACELET GREEN,PAPELERIA_EMPAQUE
22450,SILK PURSE RUSSIAN DOLL BLUE,JUGUETES_DECOR
22449,SILK PURSE RUSSIAN DOLL PINK,JUGUETES_DECOR
22451,SILK PURSE RUSSIAN DOLL RED,JUGUETES_DECOR
22445,PENCIL CASE LIFE IS BEAUTIFUL,OTROS_VARIOS
85186B,BUNNY BUNCH OF FLOWERS,OTROS_VARIOS
22429,ENAMEL MEASURING JUG CREAM,OTROS_VARIOS
21452,TOADSTOOL MONEY BOX,PAPELERIA_EMPAQUE
22446,PIN CUSHION RUSSIAN DOLL PINK,TEXTIL_HOGAR
22448,PIN CUSHION RUSSIAN DOLL RED,TEXTIL_HOGAR
85019B,BLOSSOM  IMAGES NOTEBOOK SET,OTROS_VARIOS
90026A,GLASS BEAD HOOP NECKLACE BLACK,OTROS_VARIOS
20953,PORCELAIN CHERUB BELL LARGE,OTROS_VARIOS
16008,SMALL FOLDING SCISSOR(POINTED EDGE),OTROS_VARIOS
22454,MEASURING TAPE RUSSIAN DOLL RED,JUGUETES_DECOR
90027A,GLASS BEAD HOOP EARRINGS BLACK,OTROS_VARIOS
22453,MEASURING TAPE RUSSIAN DOLL BLUE,JUGUETES_DECOR
22452,MEASURING TAPE RUSSIAN DOLL PINK,JUGUETES_DECOR
35824P,"HANGING FLOWERS+MIRROR,PINK",OTROS_VARIOS
22447,PIN CUSHION RUSSIAN DOLL BLUE,TEXTIL_HOGAR
22441,GROW YOUR OWN BASIL IN ENAMEL MUG,COCINA_MESA
22444,GROW YOUR OWN PLANT IN A CAN ,OTROS_VARIOS
22443,GROW YOUR OWN HERBS SET OF 3,OTROS_VARIOS
22442,GROW YOUR OWN FLOWERS SET OF 3,OTROS_VARIOS
22564,ALPHABET STENCIL CRAFT,OTROS_VARIOS
22563,HAPPY STENCIL CRAFT,OTROS_VARIOS
22562,MONSTERS STENCIL CRAFT,OTROS_VARIOS
22561,WOODEN SCHOOL COLOURING SET,OTROS_VARIOS
46138D,GREEN CHENILLE SHAGGY C/COVER,OTROS_VARIOS
22555,PLASTERS IN TIN STRONGMAN,PAPELERIA_EMPAQUE
22556,PLASTERS IN TIN CIRCUS PARADE ,PAPELERIA_EMPAQUE
22560,TRADITIONAL MODELLING CLAY,OTROS_VARIOS
22551,PLASTERS IN TIN SPACEBOY,PAPELERIA_EMPAQUE
22554,PLASTERS IN TIN WOODLAND ANIMALS,PAPELERIA_EMPAQUE
44242A,LILAC FEATHERS CURTAIN,OTROS_VARIOS
22557,PLASTERS IN TIN VINTAGE PAISLEY ,PAPELERIA_EMPAQUE
22553,PLASTERS IN TIN SKULLS,PAPELERIA_EMPAQUE
22549,PICTURE DOMINOES,OTROS_VARIOS
22550,HOLIDAY FUN LUDO,OTROS_VARIOS
22535,MAGIC DRAWING SLATE BUNNIES ,OTROS_VARIOS
22518,CHILDS GARDEN BRUSH BLUE,JARDIN
21878,PACK OF 6 SANDCASTLE FLAGS ASSORTED,OTROS_VARIOS
22522,CHILDS GARDEN FORK BLUE ,JARDIN
22520,CHILDS GARDEN TROWEL BLUE ,JARDIN
22523,CHILDS GARDEN FORK PINK,JARDIN
22521,CHILDS GARDEN TROWEL PINK,JARDIN
22524,CHILDRENS GARDEN GLOVES BLUE,JARDIN
22525,CHILDRENS GARDEN GLOVES PINK,JARDIN
22519,CHILDS GARDEN BRUSH PINK,JARDIN
22548,HEADS AND TAILS SPORTING FUN,PAPELERIA_EMPAQUE
22559,SEASIDE FRISBEE ,OTROS_VARIOS
40005B,BLUE ORGANDY ROUND LAMPSHADE W BEA,ILUMINACION
22544,MINI JIGSAW SPACEBOY,OTROS_VARIOS
22539,MINI JIGSAW DOLLY GIRL,JUGUETES_DECOR
22528,GARDENERS KNEELING PAD,JARDIN
22526,WHEELBARROW FOR CHILDREN ,OTROS_VARIOS
22567,20 DOLLY PEGS RETROSPOT,JUGUETES_DECOR
22543,MINI JIGSAW BAKE A CAKE ,COCINA_MESA
22546,MINI JIGSAW FIDO,OTROS_VARIOS
22545,MINI JIGSAW BUNNIES,OTROS_VARIOS
22405,MONEY BOX POCKET MONEY DESIGN,PAPELERIA_EMPAQUE
22409,MONEY BOX BISCUITS DESIGN,PAPELERIA_EMPAQUE
22408,MONEY BOX CONFECTIONERY DESIGN,PAPELERIA_EMPAQUE
22406,MONEY BOX KINGS CHOICE DESIGN,PAPELERIA_EMPAQUE
22407,MONEY BOX FIRST ADE DESIGN,PAPELERIA_EMPAQUE
22410,MONEY BOX HOUSEKEEPING DESIGN,PAPELERIA_EMPAQUE
22402,MAGNETS PACK OF 4 VINTAGE COLLAGE,OTROS_VARIOS
22399,MAGNETS PACK OF 4 CHILDHOOD MEMORY,OTROS_VARIOS
22396,MAGNETS PACK OF 4 RETRO PHOTO,OTROS_VARIOS
22393,PAPERWEIGHT VINTAGE COLLAGE,PAPELERIA_EMPAQUE
22517,CHILDS GARDEN RAKE PINK,JARDIN
22398,MAGNETS PACK OF 4 SWALLOWS,OTROS_VARIOS
22547,MINI JIGSAW DINOSAUR ,OTROS_VARIOS
72084B,CHOCOLATE ICE CREAM CANDLE,ILUMINACION
85146,JARDIN ETCHED GLASS SMALL BELL JAR,OTROS_VARIOS
90046,WHITE WITH METAL BAG CHARM,PAPELERIA_EMPAQUE
22541,MINI JIGSAW LEAP FROG,OTROS_VARIOS
22612,TEA COSY VINTAGE UNION JACK,OTROS_VARIOS
22611,VINTAGE UNION JACK SHOPPING BAG,PAPELERIA_EMPAQUE
22516,CHILDS GARDEN RAKE BLUE,JARDIN
22515,CHILDS GARDEN SPADE PINK,JARDIN
22514,CHILDS GARDEN SPADE BLUE,JARDIN
22530,MAGIC DRAWING SLATE DOLLY GIRL ,JUGUETES_DECOR
22534,MAGIC DRAWING SLATE SPACEBOY ,OTROS_VARIOS
22536,MAGIC DRAWING SLATE PURDEY,OTROS_VARIOS
22533,MAGIC DRAWING SLATE BAKE A CAKE ,COCINA_MESA
22529,MAGIC DRAWING SLATE GO TO THE FAIR ,OTROS_VARIOS
22538,MINI JIGSAW GO TO THE FAIR,OTROS_VARIOS
22532,MAGIC DRAWING SLATE LEAP FROG ,OTROS_VARIOS
22540,MINI JIGSAW CIRCUS PARADE ,OTROS_VARIOS
22403,MAGNETS PACK OF 4 VINTAGE LABELS ,OTROS_VARIOS
22537,MAGIC DRAWING SLATE DINOSAUR,OTROS_VARIOS
85160b,BLACK BIRD GARDEN DESIGN MUG,JARDIN
84796a,PINK HAWAIIAN PICNIC HAMPER FOR 2,OTROS_VARIOS
72807a,SET/3 ROSE CANDLE IN JEWELLED BOX,ILUMINACION
84536a,ENGLISH ROSE NOTEBOOK A7 SIZE,OTROS_VARIOS
85231e,STRAWBERRY SCENTED SET/9 T-LIGHTS,ILUMINACION
72801e,S/4 FESTIVE GREEN DINNER CANDLES,ILUMINACION
84915,HAND TOWEL PINK FLOWER AND DAISY,TEXTIL_HOGAR
22400,MAGNETS PACK OF 4 HOME SWEET HOME,OTROS_VARIOS
22389,PAPERWEIGHT SAVE THE PLANET,PAPELERIA_EMPAQUE
22391,PAPERWEIGHT HOME SWEET HOME,PAPELERIA_EMPAQUE
84527,FLAMES SUNGLASSES PINK LENSES,OTROS_VARIOS
22531,MAGIC DRAWING SLATE CIRCUS PARADE  ,OTROS_VARIOS
90152C,BLUE/NAT SHELL NECKLACE W PENDANT,OTROS_VARIOS
DCGS0070,CAMOUFLAGE DOG COLLAR,OTROS_VARIOS
DCGS0075,CAMOUFLAGUE DOG LEAD,OTROS_VARIOS
22394,PAPERWEIGHT KINGS CHOICE ,PAPELERIA_EMPAQUE
22436,12 COLOURED PARTY BALLOONS,OTROS_VARIOS
22434,BALLOON PUMP WITH 10 BALLOONS,OTROS_VARIOS
22437,SET OF 9 BLACK SKULL BALLOONS,OTROS_VARIOS
84914A,,SIN_DESCRIPCION
22439,6 ROCKET BALLOONS ,OTROS_VARIOS
22428,ENAMEL FIRE BUCKET CREAM,OTROS_VARIOS
22426,ENAMEL WASH BOWL CREAM,COCINA_MESA
22435,SET OF 9 HEART SHAPED BALLOONS,OTROS_VARIOS
22606,WOODEN SKITTLES GARDEN SET,JARDIN
22607,WOODEN ROUNDERS GARDEN SET ,JARDIN
22605,WOODEN CROQUET GARDEN SET,JARDIN
84510e,SET OF 4 GREEN CAROUSEL COASTERS,OTROS_VARIOS
84596j,MIXED NUTS LIGHT GREEN BOWL,COCINA_MESA
85232a,SET/3 POLKA DOT STACKING TINS,PAPELERIA_EMPAQUE
21922,UNION STRIPE WITH FRINGE  HAMMOCK,OTROS_VARIOS
47348A,FUSCHIA VOILE POINTY SHOE DEC,OTROS_VARIOS
22440,BALLOON WATER BOMB PACK OF 35,OTROS_VARIOS
21925,UNION STRIPE CUSHION COVER ,TEXTIL_HOGAR
22438,BALLOON ART MAKE YOUR OWN FLOWERS,OTROS_VARIOS
21927,BLUE/CREAM STRIPE CUSHION COVER ,TEXTIL_HOGAR
21926,RED/CREAM STRIPE CUSHION COVER ,TEXTIL_HOGAR
20957,PORCELAIN HANGING BELL SMALL,OTROS_VARIOS
22395,PAPERWEIGHT VINTAGE PAISLEY,PAPELERIA_EMPAQUE
21511,VINTAGE COLLAGE  GREETING  CARD ,PAPELERIA_EMPAQUE
35818B,"ACRYLIC JEWEL ICICLE, BLUE",OTROS_VARIOS
22719,,SIN_DESCRIPCION
22558,,SIN_DESCRIPCION
84875B,GREEN SQUARE COMPACT MIRROR,OTROS_VARIOS
84927D,LA PALMIERA TILE HOOK,OTROS_VARIOS
90024F,NEW BAROQUE B'FLY NECKLACE CRYSTAL,OTROS_VARIOS
72709,IVORY SCULPTED RND CANDLE ,ILUMINACION
71496B,A4 WALL TIDY RED FLOWERS,OTROS_VARIOS
22469,HEART OF WICKER SMALL,OTROS_VARIOS
22470,HEART OF WICKER LARGE,OTROS_VARIOS
84997a,GREEN 3 PIECE MINI DOTS CUTLERY SET,OTROS_VARIOS
85040b,SET/4 BLUE FLOWER CANDLES IN BOWL,COCINA_MESA
84823,DANISH ROSE FOLDING CHAIR,OTROS_VARIOS
84731,3 BIRDS CANVAS SCREEN,OTROS_VARIOS
84858B,BLUE RIVIERA HANDBAG,PAPELERIA_EMPAQUE
B,Adjust bad debt,OTROS_VARIOS
16169A,WRAP CHRISTMAS DECOUPAGE,NAVIDAD
16151A,FLOWER DES BLUE HANDBAG/ORANG HANDL,PAPELERIA_EMPAQUE
62043B,BLUE CHECK BAG W HANDLE 34X20CM,PAPELERIA_EMPAQUE
22626,BLACK KITCHEN SCALES,COCINA_MESA
22503,CABIN BAG VINTAGE PAISLEY,PAPELERIA_EMPAQUE
22624,IVORY KITCHEN SCALES,COCINA_MESA
22627,MINT KITCHEN SCALES,COCINA_MESA
22625,RED KITCHEN SCALES,COCINA_MESA
22504,CABIN BAG VINTAGE RETROSPOT,PAPELERIA_EMPAQUE
82494l,WOODEN FRAME ANTIQUE WHITE ,OTROS_VARIOS
47594a,CAROUSEL DESIGN WASHBAG,PAPELERIA_EMPAQUE
84867a,PINK BABY GIRLS PHOTO ALBUM,OTROS_VARIOS
22491,PACK OF 12 COLOURED PENCILS,OTROS_VARIOS
22492,MINI PAINT SET VINTAGE ,OTROS_VARIOS
22615,PACK OF 12 CIRCUS PARADE TISSUES ,OTROS_VARIOS
22616,PACK OF 12 LONDON TISSUES ,OTROS_VARIOS
22614,PACK OF 12 SPACEBOY TISSUES,OTROS_VARIOS
22613,PACK OF 20 SPACEBOY NAPKINS,OTROS_VARIOS
22421,LIPSTICK PEN FUSCHIA,OTROS_VARIOS
22418,10 COLOUR SPACEBOY PEN,OTROS_VARIOS
22621,TRADITIONAL KNITTING NANCY,PAPELERIA_EMPAQUE
22623,BOX OF VINTAGE JIGSAW BLOCKS ,PAPELERIA_EMPAQUE
22619,SET OF 6 SOLDIER SKITTLES,OTROS_VARIOS
22419,LIPSTICK PEN RED,OTROS_VARIOS
22493,PAINT YOUR OWN CANVAS SET,OTROS_VARIOS
22622,BOX OF VINTAGE ALPHABET BLOCKS,PAPELERIA_EMPAQUE
84247E,,SIN_DESCRIPCION
46115B,,SIN_DESCRIPCION
22420,LIPSTICK PEN BABY PINK,OTROS_VARIOS
22422,TOOTHPASTE TUBE PEN,OTROS_VARIOS
44242C,,SIN_DESCRIPCION
81953B,ROUND ARTICULATED BLUE CLOCK W/SUCK,OTROS_VARIOS
22620,4 TRADITIONAL SPINNING TOPS,OTROS_VARIOS
17014E,,SIN_DESCRIPCION
20883,,SIN_DESCRIPCION
35630B,,SIN_DESCRIPCION
35631A,,SIN_DESCRIPCION
10124C,,SIN_DESCRIPCION
84519D,,SIN_DESCRIPCION
84195,,SIN_DESCRIPCION
85226B,,SIN_DESCRIPCION
17011B,,SIN_DESCRIPCION
20938,,SIN_DESCRIPCION
85231K,,SIN_DESCRIPCION
84706E,,SIN_DESCRIPCION
35643,,SIN_DESCRIPCION
16255,,SIN_DESCRIPCION
85086B,,SIN_DESCRIPCION
35265,,SIN_DESCRIPCION
45013,FOLDING SHOE TIDY,OTROS_VARIOS
10124G,ARMY CAMO BOOKCOVER TAPE,OTROS_VARIOS
35817P,"ACRYLIC JEWEL SNOWFLAKE,PINK",OTROS_VARIOS
35818P,"ACRYLIC JEWEL ICICLE, PINK",OTROS_VARIOS
22427,ENAMEL FLOWER JUG CREAM,OTROS_VARIOS
22430,ENAMEL WATERING CAN CREAM,OTROS_VARIOS
22645,CERAMIC HEART FAIRY CAKE MONEY BANK,COCINA_MESA
22646,CERAMIC STRAWBERRY CAKE MONEY BANK,COCINA_MESA
22650,CERAMIC PIRATE CHEST MONEY BANK,OTROS_VARIOS
22647,CERAMIC LOVE HEART MONEY BANK,OTROS_VARIOS
22649,STRAWBERRY FAIRY CAKE TEAPOT,COCINA_MESA
22644,CERAMIC CHERRY CAKE MONEY BANK,COCINA_MESA
22425,ENAMEL COLLANDER CREAM,OTROS_VARIOS
22424,ENAMEL BREAD BIN CREAM,OTROS_VARIOS
84086B,YELLOW/BLUE RETRO RADIO,OTROS_VARIOS
35900,,SIN_DESCRIPCION
35908C,,SIN_DESCRIPCION
84387A,,SIN_DESCRIPCION
84891B,,SIN_DESCRIPCION
16162M,,SIN_DESCRIPCION
84963B,BLUE PAINTED KASHMIRI CHAIR,OTROS_VARIOS
72038B,damaged,OTROS_VARIOS
22634,CHILDS BREAKFAST SET SPACEBOY ,OTROS_VARIOS
22635,CHILDS BREAKFAST SET DOLLY GIRL ,JUGUETES_DECOR
22637,PIGGY BANK RETROSPOT ,OTROS_VARIOS
22636,CHILDS BREAKFAST SET CIRCUS PARADE,OTROS_VARIOS
22864,Found,OTROS_VARIOS
22502,mailout,OTROS_VARIOS
22501,mailout,OTROS_VARIOS
21273,,SIN_DESCRIPCION
84402B,,SIN_DESCRIPCION
20824,,SIN_DESCRIPCION
37487B,,SIN_DESCRIPCION
90049,IVORY GOLD METAL BAG CHARM,PAPELERIA_EMPAQUE
35240,,SIN_DESCRIPCION
84709A,,SIN_DESCRIPCION
79532,,SIN_DESCRIPCION
20690,,SIN_DESCRIPCION
46037A,PINK CANVAS DES CUSHION COVER ,TEXTIL_HOGAR
71406B,,SIN_DESCRIPCION
84660c,PINK STITCHED WALL CLOCK,OTROS_VARIOS
84970l,SINGLE HEART ZINC T-LIGHT HOLDER,ILUMINACION
85124a,PINK JUICY FRUIT PHOTO FRAME,OTROS_VARIOS
84986b,SET OF 36 SILVER PAPER DOILIES,PAPELERIA_EMPAQUE
84971s,SMALL HEART FLOWERS HOOK ,OTROS_VARIOS
47593a,CAROUSEL DESIGN BABY BIB,OTROS_VARIOS
84985b,SET OF 72 BLACK PAPER DOILIES ,PAPELERIA_EMPAQUE
22710,WRAP I LOVE LONDON ,PAPELERIA_EMPAQUE
22707,WRAP MONSTER FUN ,PAPELERIA_EMPAQUE
22705,WRAP GREEN PEARS ,PAPELERIA_EMPAQUE
22704,WRAP RED APPLES ,PAPELERIA_EMPAQUE
22711,WRAP CIRCUS PARADE,PAPELERIA_EMPAQUE
22713,CARD I LOVE LONDON ,PAPELERIA_EMPAQUE
22712,CARD DOLLY GIRL ,PAPELERIA_EMPAQUE
90042C,,SIN_DESCRIPCION
22714,CARD BIRTHDAY COWBOY,PAPELERIA_EMPAQUE
90081B,,SIN_DESCRIPCION
90094,,SIN_DESCRIPCION
22716,CARD CIRCUS PARADE,PAPELERIA_EMPAQUE
22718,CARD CAT AND TREE ,PAPELERIA_EMPAQUE
22715,CARD WEDDING DAY,PAPELERIA_EMPAQUE
22706,WRAP COWBOYS  ,PAPELERIA_EMPAQUE
22708,WRAP DOLLY GIRL,PAPELERIA_EMPAQUE
22709,WRAP WEDDING DAY,PAPELERIA_EMPAQUE
22717,CARD DOG AND BALL ,PAPELERIA_EMPAQUE
35650,VINTAGE BEAD PINK JEWEL STAND,OTROS_VARIOS
90066A,,SIN_DESCRIPCION
90026D,,SIN_DESCRIPCION
90117,,SIN_DESCRIPCION
90107,,SIN_DESCRIPCION
90104,,SIN_DESCRIPCION
47591c,BLUE FAIRY CAKE CHILD'S APRON,COCINA_MESA
84970s,HANGING HEART ZINC T-LIGHT HOLDER,ILUMINACION
85099b,JUMBO BAG RED RETROSPOT,PAPELERIA_EMPAQUE
84989a,75 GREEN FAIRY CAKE CASES,COCINA_MESA
DCGS0041,HAYNES MINI-COOPER PLAYING CARDS,PAPELERIA_EMPAQUE
90214W,"LETTER ""W"" BLING KEY RING",OTROS_VARIOS
90154,LAZER CUT NECKLACE W PASTEL BEADS,OTROS_VARIOS
22206,"MUG , DOTCOMGIFTSHOP.COM ",COCINA_MESA
71050,SMALL SINGLE FLAME CANDLE HOLDER,ILUMINACION
72802a,ROSE SCENT CANDLE IN JEWELLED BOX,ILUMINACION
84596b,SMALL DOLLY MIX DESIGN ORANGE BOWL,COCINA_MESA
84795b,SUNSET CHECK HAMMOCK,OTROS_VARIOS
84510c,SET OF 4 POLKADOTS COASTERS,OTROS_VARIOS
84968d,S/16 VINTAGE RED CUTLERY,OTROS_VARIOS
85123a,WHITE HANGING HEART T-LIGHT HOLDER,ILUMINACION
15056n,EDWARDIAN PARASOL NATURAL,OTROS_VARIOS
84968e,S/16 VINTAGE BLACK CUTLERY,OTROS_VARIOS
84424A,FOUR PICTURE WHITE GLASS FRAME,OTROS_VARIOS
85115B,S/4 BLACK DISCO PARTITION PANEL,OTROS_VARIOS
37479P,CUBIC MUG FLOCK PINK ON BROWN,COCINA_MESA
84493,BLUE/PINK NEST STRIPE BOX,PAPELERIA_EMPAQUE
90179C,BLACK FINE BEAD NECKLACE W TASSEL,OTROS_VARIOS
84857C,PINK MONTE CARLO HANDBAG,PAPELERIA_EMPAQUE
78034B,BLUE NETTING STORAGE HANGER,PAPELERIA_EMPAQUE
90118,PINK DAISY BAG CHARM,PAPELERIA_EMPAQUE
90063A,WHITE VINT ART DECO CRYSTAL NECKLAC,OTROS_VARIOS
85114A,BLACK ENCHANTED FOREST PLACEMAT,OTROS_VARIOS
22701,PINK DOG BOWL,COCINA_MESA
90119,METALIC LEAVES BAG CHARMS,PAPELERIA_EMPAQUE
75172,PAINTED SEA SHELL METAL WINDCHIME,OTROS_VARIOS
22703,PINK CAT BOWL,COCINA_MESA
22702,BLACK AND WHITE CAT BOWL,COCINA_MESA
84534b,FAIRY CAKE NOTEBOOK A5 SIZE,COCINA_MESA
85099c,JUMBO  BAG BAROQUE BLACK WHITE,PAPELERIA_EMPAQUE
85049e,SCANDINAVIAN REDS RIBBONS,PAPELERIA_EMPAQUE
47566b,TEA TIME PARTY BUNTING,PAPELERIA_EMPAQUE
85049b,LUSH GREENS RIBBONS,PAPELERIA_EMPAQUE
84510a,SET OF 4 ENGLISH ROSE COASTERS,OTROS_VARIOS
15056p,EDWARDIAN PARASOL PINK,OTROS_VARIOS
84997b,RED 3 PIECE MINI DOTS CUTLERY SET,OTROS_VARIOS
84536b,FAIRY CAKES NOTEBOOK A7 SIZE,COCINA_MESA
84660b,BLACK STITCHED WALL CLOCK,OTROS_VARIOS
85014a,BLACK/BLUE DOTS RUFFLED UMBRELLA,OTROS_VARIOS
47570b,TEA TIME TABLE CLOTH,OTROS_VARIOS
84985a,SET OF 72 GREEN PAPER DOILIES,PAPELERIA_EMPAQUE
22640,SET OF 4 NAPKIN CHARMS 3 KEYS ,OTROS_VARIOS
ADJUST2,Adjustment by Peter on Jun 25 2010 ,OTROS_VARIOS
90142A,GREEN PENDANT SHELL NECKLACE,OTROS_VARIOS
90051,CRACKED GLAZE NECKLACE RED,OTROS_VARIOS
22692,DOORMAT WELCOME TO OUR HOME,TEXTIL_HOGAR
22660,DOORMAT I LOVE LONDON,TEXTIL_HOGAR
22687,DOORMAT CHRISTMAS VILLAGE,NAVIDAD
22691,DOORMAT WELCOME SUNRISE,TEXTIL_HOGAR
22690,DOORMAT HOME SWEET HOME BLUE ,TEXTIL_HOGAR
22689,DOORMAT MERRY CHRISTMAS RED ,NAVIDAD
22688,DOORMAT PEACE ON EARTH BLUE,TEXTIL_HOGAR
22629,SPACEBOY LUNCH BOX ,PAPELERIA_EMPAQUE
22628,PICNIC BOXES SET OF 3 RETROSPOT ,PAPELERIA_EMPAQUE
22700,BLACK AND WHITE DOG BOWL,COCINA_MESA
22630,DOLLY GIRL LUNCH BOX,PAPELERIA_EMPAQUE
47503J ,SET/3 FLORAL GARDEN TOOLS IN BAG,JARDIN
22669,RED BABY BUNTING ,PAPELERIA_EMPAQUE
84968a,S/16 VINTAGE ROSE CUTLERY,OTROS_VARIOS
47590a,BLUE HAPPY BIRTHDAY BUNTING,PAPELERIA_EMPAQUE
85132c,CHARLIE AND LOLA FIGURES TINS,PAPELERIA_EMPAQUE
84509e,SET OF 4 CAROUSEL PLACEMATS ,OTROS_VARIOS
21048,,SIN_DESCRIPCION
21920,,SIN_DESCRIPCION
22668,PINK BABY BUNTING,PAPELERIA_EMPAQUE
22656,,SIN_DESCRIPCION
22655,,SIN_DESCRIPCION
22666,RECIPE BOX PANTRY YELLOW DESIGN,PAPELERIA_EMPAQUE
22667,RECIPE BOX RETRO SPOT DESIGN,PAPELERIA_EMPAQUE
22665,RECIPE BOX BLUE SKETCHBOOK DESIGN,PAPELERIA_EMPAQUE
20852,given away,OTROS_VARIOS
22126,given away,OTROS_VARIOS
45014,FOLDING SHIRT TIDY,OTROS_VARIOS
85074,,SIN_DESCRIPCION
85073,,SIN_DESCRIPCION
22639,,SIN_DESCRIPCION
22638,,SIN_DESCRIPCION
22641,,SIN_DESCRIPCION
22642,,SIN_DESCRIPCION
22643,,SIN_DESCRIPCION
22604,,SIN_DESCRIPCION
22596,CHRISTMAS STAR WISH LIST CHALKBOARD,NAVIDAD
22602,CHRISTMAS RETROSPOT HEART WOOD,NAVIDAD
22600,CHRISTMAS RETROSPOT STAR WOOD,NAVIDAD
22603,CHRISTMAS RETROSPOT TREE WOOD,NAVIDAD
22595,CHRISTMAS GINGHAM HEART,NAVIDAD
22593,CHRISTMAS GINGHAM STAR,NAVIDAD
22588,CARDHOLDER GINGHAM HEART,PAPELERIA_EMPAQUE
22589,CARDHOLDER GINGHAM STAR,PAPELERIA_EMPAQUE
22591,CARDHOLDER GINGHAM CHRISTMAS TREE,NAVIDAD
22573,STAR WOODEN CHRISTMAS DECORATION,NAVIDAD
22581,WOOD STOCKING CHRISTMAS SCANDISPOT,NAVIDAD
22579,WOODEN TREE CHRISTMAS SCANDINAVIAN,NAVIDAD
22578,WOODEN STAR CHRISTMAS SCANDINAVIAN,NAVIDAD
22577,WOODEN HEART CHRISTMAS SCANDINAVIAN,NAVIDAD
22601,CHRISTMAS RETROSPOT ANGEL WOOD,NAVIDAD
22594,CHRISTMAS GINGHAM TREE,NAVIDAD
22576,SWALLOW WOODEN CHRISTMAS DECORATION,NAVIDAD
22574,HEART WOODEN CHRISTMAS DECORATION,NAVIDAD
22652,TRAVEL SEWING KIT,OTROS_VARIOS
44092B,BLUE WHITE PLASTIC RINGS LAMPSHADE,ILUMINACION
22575,METAL MERRY CHRISTMAS WREATH,NAVIDAD
22653,BUTTON BOX ,PAPELERIA_EMPAQUE
22654,DELUXE SEWING KIT ,OTROS_VARIOS
22661,CHARLOTTE BAG DOLLY GIRL DESIGN,PAPELERIA_EMPAQUE
22662,LUNCH BAG DOLLY GIRL DESIGN,PAPELERIA_EMPAQUE
22663,JUMBO BAG DOLLY GIRL DESIGN,PAPELERIA_EMPAQUE
22580,ADVENT CALENDAR GINGHAM SACK,NAVIDAD
22651,GENTLEMAN SHIRT REPAIR KIT ,OTROS_VARIOS
85184d,S/4 BLUE ROUND DECOUPAGE BOXES,PAPELERIA_EMPAQUE
85124c,GREEN JUICY FRUIT PHOTO FRAME,OTROS_VARIOS
22572,ROCKING HORSE GREEN CHRISTMAS ,NAVIDAD
22664,TOY TIDY DOLLY GIRL DESIGN,JUGUETES_DECOR
22963,JAM JAR WITH BLUE LID,OTROS_VARIOS
22961,JAM MAKING SET PRINTED,OTROS_VARIOS
22571,ROCKING HORSE RED CHRISTMAS ,NAVIDAD
22599,CHRISTMAS MUSICAL ZINC STAR,NAVIDAD
22597,CHRISTMAS MUSICAL ZINC HEART ,NAVIDAD
22598,CHRISTMAS MUSICAL ZINC TREE,NAVIDAD
85099f,JUMBO BAG STRAWBERRY,PAPELERIA_EMPAQUE
22592,CARDHOLDER HOLLY WREATH METAL,PAPELERIA_EMPAQUE
22694,WICKER STAR ,OTROS_VARIOS
22696,WICKER WREATH LARGE,OTROS_VARIOS
22695,WICKER WREATH SMALL,OTROS_VARIOS
84968b,S/16 VINTAGE IVORY CUTLERY,OTROS_VARIOS
82001s,VINYL RECORD FRAME SILVER,OTROS_VARIOS
84510b,SET OF 4 FAIRY CAKES COASTERS ,COCINA_MESA
84660a,WHITE STITCHED WALL CLOCK,OTROS_VARIOS
22693,GROW A FLYTRAP OR SUNFLOWER IN TIN,PAPELERIA_EMPAQUE
22752,,SIN_DESCRIPCION
22753,,SIN_DESCRIPCION
22754,,SIN_DESCRIPCION
22756,,SIN_DESCRIPCION
22757,,SIN_DESCRIPCION
22755,,SIN_DESCRIPCION
22759,,SIN_DESCRIPCION
22758,,SIN_DESCRIPCION
22743,MAKE YOUR OWN FLOWERPOWER CARD KIT,PAPELERIA_EMPAQUE
22744,MAKE YOUR OWN MONSOON CARD KIT,PAPELERIA_EMPAQUE
22742,MAKE YOUR OWN PLAYTIME CARD KIT,PAPELERIA_EMPAQUE
22697,GREEN REGENCY TEACUP AND SAUCER,COCINA_MESA
22698,PINK REGENCY TEACUP AND SAUCER,COCINA_MESA
22699,ROSES REGENCY TEACUP AND SAUCER ,COCINA_MESA
C3,,SIN_DESCRIPCION
47591d,PINK FAIRY CAKE CHILDRENS APRON,COCINA_MESA
85049a,TRADITIONAL CHRISTMAS RIBBONS,NAVIDAD
22680,"FRENCH BLUE METAL DOOR SIGN, 5",OTROS_VARIOS
22681,"FRENCH BLUE METAL DOOR SIGN, 6",OTROS_VARIOS
22677,"FRENCH BLUE METAL DOOR SIGN, 2",OTROS_VARIOS
22678,"FRENCH BLUE METAL DOOR SIGN, 3",OTROS_VARIOS
22679,"FRENCH BLUE METAL DOOR SIGN, 4",OTROS_VARIOS
22682,"FRENCH BLUE METAL DOOR SIGN, 7",OTROS_VARIOS
22683,"FRENCH BLUE METAL DOOR SIGN, 8",OTROS_VARIOS
22684,"FRENCH BLUE METAL DOOR SIGN, 9",OTROS_VARIOS
22685,"FRENCH BLUE METAL DOOR SIGN, 0",OTROS_VARIOS
22686,"FRENCH BLUE METAL DOOR SIGN, No",OTROS_VARIOS
22670,FRENCH WC SIGN BLUE METAL,OTROS_VARIOS
22671,FRENCH LAUNDRY SIGN BLUE METAL,OTROS_VARIOS
22672,FRENCH BATHROOM SIGN BLUE METAL,OTROS_VARIOS
22673,FRENCH GARDEN SIGN BLUE METAL,JARDIN
22674,FRENCH TOILET SIGN BLUE METAL,OTROS_VARIOS
22675,FRENCH KITCHEN SIGN BLUE METAL,COCINA_MESA
22676,"FRENCH BLUE METAL DOOR SIGN, 1",OTROS_VARIOS
90021,LASER CUT MULTI STRAND NECKLACE,OTROS_VARIOS
85095,THREE CANVAS LUGGAGE TAGS,OTROS_VARIOS
22851,SET 20 NAPKINS FAIRY CAKES DESIGN ,COCINA_MESA
84201C,HAPPY BIRTHDAY CARD TEDDY/CAKE,COCINA_MESA
84206B,CAT W SUNGLASSES BLANK CARD,PAPELERIA_EMPAQUE
22351,DOTCOMGIFTSHOP TEA TOWEL,TEXTIL_HOGAR
84997c,BLUE 3 PIECE MINI DOTS CUTLERY SET,OTROS_VARIOS
22751,FELTCRAFT PRINCESS OLIVIA DOLL,JUGUETES_DECOR
35591T,TURQUOISE CHRISTMAS TREE ,NAVIDAD
35597A,DUSTY PINK CHRISTMAS TREE 30CM,NAVIDAD
22750,FELTCRAFT PRINCESS LOLA DOLL,JUGUETES_DECOR
22940,FELTCRAFT CHRISTMAS FAIRY,NAVIDAD
22959,WRAP CHRISTMAS VILLAGE,NAVIDAD
22985,"WRAP, BILLBOARD FONTS DESIGN",PAPELERIA_EMPAQUE
22986,GINGHAM ROSE WRAP,PAPELERIA_EMPAQUE
22987,"WRAP , SUMMER ROSE DESIGN",PAPELERIA_EMPAQUE
22749,FELTCRAFT PRINCESS CHARLOTTE DOLL,JUGUETES_DECOR
22867,HAND WARMER BIRD DESIGN,OTROS_VARIOS
22865,HAND WARMER OWL DESIGN,OTROS_VARIOS
22866,HAND WARMER SCOTTY DOG DESIGN,OTROS_VARIOS
22834,HAND WARMER BABUSHKA DESIGN,OTROS_VARIOS
22984,"CARD, GINGHAM ROSE ",PAPELERIA_EMPAQUE
22835,HOT WATER BOTTLE I AM SO POORLY,OTROS_VARIOS
21263,GREEN GOOSE FEATHER TREE 60CM,OTROS_VARIOS
84596f,SMALL MARSHMALLOWS PINK BOWL,COCINA_MESA
47341A,FUSCHIA TABLE RUN FLOWER ,OTROS_VARIOS
22983,"CARD, BILLBOARD FONT",PAPELERIA_EMPAQUE
22910,,SIN_DESCRIPCION
22895,,SIN_DESCRIPCION
22950,,SIN_DESCRIPCION
22952,,SIN_DESCRIPCION
22909,,SIN_DESCRIPCION
22855,FINE WICKER HEART ,OTROS_VARIOS
22812,PACK 3 BOXES CHRISTMAS PANNETONE,NAVIDAD
22732,3D VINTAGE CHRISTMAS STICKERS ,NAVIDAD
22821,GIFT BAG PSYCHEDELIC APPLES,PAPELERIA_EMPAQUE
22820,GIFT BAG BIRTHDAY,PAPELERIA_EMPAQUE
22948,METAL DECORATION NAUGHTY CHILDREN ,JUGUETES_DECOR
22815,CARD PSYCHEDELIC APPLES,PAPELERIA_EMPAQUE
22817,CARD SUKI BIRTHDAY,PAPELERIA_EMPAQUE
22734,SET OF 6 RIBBONS VINTAGE CHRISTMAS,NAVIDAD
22735,RIBBON REEL SOCKS AND MITTENS,PAPELERIA_EMPAQUE
22737,RIBBON REEL CHRISTMAS PRESENT ,NAVIDAD
22738,RIBBON REEL SNOWY VILLAGE,PAPELERIA_EMPAQUE
22736,"RIBBON REEL, MAKING SNOWMEN ",PAPELERIA_EMPAQUE
22739,"RIBBON REEL, XMAS SOCK/BAUBLE",NAVIDAD
22946,WOODEN ADVENT CALENDAR CREAM,NAVIDAD
22947,WOODEN ADVENT CALENDAR RED,NAVIDAD
22907,PACK OF 20 NAPKINS PANTRY DESIGN,OTROS_VARIOS
22862,LOVE HEART NAPKIN BOX ,PAPELERIA_EMPAQUE
22816,CARD MOTORBIKE SANTA,NAVIDAD
22818,CARD CHRISTMAS VILLAGE,NAVIDAD
22731,3D CHRISTMAS STAMPS STICKERS ,NAVIDAD
22854,CREAM SWEETHEART EGG HOLDER,OTROS_VARIOS
84247D,,SIN_DESCRIPCION
22813,PACK 3 BOXES BIRD PANNETONE ,PAPELERIA_EMPAQUE
22733,3D STICKERS TRADITIONAL CHRISTMAS ,NAVIDAD
22945,CHRISTMAS METAL TAGS ASSORTED ,NAVIDAD
22949,36 DOILIES DOLLY GIRL,JUGUETES_DECOR
22951,72 CAKE CASES DOLLY GIRL DESIGN,COCINA_MESA
22944,CHRISTMAS METAL POSTCARD WITH BELLS,NAVIDAD
22906,12 MESSAGE CARDS WITH ENVELOPES,PAPELERIA_EMPAQUE
22911,PAPER CHAIN KIT LONDON,PAPELERIA_EMPAQUE
22905,CALENDAR IN SEASON DESIGN,OTROS_VARIOS
22904,CALENDAR PAPER CUT DESIGN,PAPELERIA_EMPAQUE
22819,"BIRTHDAY CARD, RETRO SPOT",PAPELERIA_EMPAQUE
22809,SET OF 6 T-LIGHTS SANTA,NAVIDAD
22810,SET OF 6 T-LIGHTS SNOWMEN,ILUMINACION
16248B,BLUE HOLE PUNCH,OTROS_VARIOS
22908,PACK OF 20 NAPKINS RED APPLES,OTROS_VARIOS
22806,SET OF 6 T-LIGHTS WEDDING CAKE ,COCINA_MESA
22938,CUPCAKE LACE PAPER SET 6,COCINA_MESA
22807,SET OF 6 T-LIGHTS TOADSTOOLS,ILUMINACION
22808,SET OF 6 T-LIGHTS EASTER CHICKS,ILUMINACION
22632,HAND WARMER RED POLKA DOT,OTROS_VARIOS
22814,CARD PARTY GAMES ,PAPELERIA_EMPAQUE
22811,SET OF 6 T-LIGHTS CACTI ,ILUMINACION
47591b,SCOTTIES CHILDRENS APRON,TEXTIL_HOGAR
22863,SOAP DISH BROCANTE,OTROS_VARIOS
22804,CANDLEHOLDER PINK HANGING HEART,ILUMINACION
22902,dotcom email,OTROS_VARIOS
22900,,SIN_DESCRIPCION
22898,,SIN_DESCRIPCION
22894,,SIN_DESCRIPCION
22897,,SIN_DESCRIPCION
22896,,SIN_DESCRIPCION
22939,,SIN_DESCRIPCION
22727,ALARM CLOCK BAKELIKE RED ,OTROS_VARIOS
22729,ALARM CLOCK BAKELIKE ORANGE,OTROS_VARIOS
22726,ALARM CLOCK BAKELIKE GREEN,OTROS_VARIOS
22730,ALARM CLOCK BAKELIKE IVORY,OTROS_VARIOS
22728,ALARM CLOCK BAKELIKE PINK,OTROS_VARIOS
22725,ALARM CLOCK BAKELIKE CHOCOLATE,OTROS_VARIOS
22748,POPPY'S PLAYHOUSE KITCHEN,COCINA_MESA
22745,POPPY'S PLAYHOUSE BEDROOM ,OTROS_VARIOS
22746,POPPY'S PLAYHOUSE LIVINGROOM ,OTROS_VARIOS
22747,POPPY'S PLAYHOUSE BATHROOM,OTROS_VARIOS
22903,CALENDAR FAMILY FAVORITES,OTROS_VARIOS
22899,CHILDRENS APRON DOLLY GIRL ,TEXTIL_HOGAR
85232d,SET/3 DECOUPAGE STACKING TINS,PAPELERIA_EMPAQUE
84559b,3D SHEET OF CAT STICKERS,OTROS_VARIOS
90068,"RUBY GLASS NECKLACE 42""",OTROS_VARIOS
84030e,ENGLISH ROSE HOT WATER BOTTLE,OTROS_VARIOS
22740,POLKA DOT PEN,OTROS_VARIOS
22741,FUNKY DIVA PEN,OTROS_VARIOS
49031B,CHROME EURO HOOK 20cm,OTROS_VARIOS
85231b,CINAMMON SET OF 9 T-LIGHTS,ILUMINACION
84968f,SET OF 16 VINTAGE SKY BLUE CUTLERY,OTROS_VARIOS
22857,ASSORTED EASTER GIFT TAGS,PAPELERIA_EMPAQUE
22860,EASTER TIN CHICKS PINK DAISY,PAPELERIA_EMPAQUE
22859,EASTER TIN BUNNY BOUQUET,PAPELERIA_EMPAQUE
35596,,SIN_DESCRIPCION
22837,HOT WATER BOTTLE BABUSHKA ,OTROS_VARIOS
22633,HAND WARMER UNION JACK,OTROS_VARIOS
SP1002,KID'S CHALKBOARD/EASEL,OTROS_VARIOS
22796,PHOTO FRAME 3 CLASSIC HANGING,OTROS_VARIOS
22769,CHALKBOARD KITCHEN ORGANISER,COCINA_MESA
22766,PHOTO FRAME CORNICE,OTROS_VARIOS
22768,FAMILY PHOTO FRAME CORNICE,OTROS_VARIOS
22767,TRIPLE PHOTO FRAME CORNICE ,OTROS_VARIOS
22765,NEWSPAPER STAND,PAPELERIA_EMPAQUE
22762,CUPBOARD 3 DRAWER MA CAMPAGNE,COCINA_MESA
22763,KEY CABINET MA CAMPAGNE,OTROS_VARIOS
22760,"TRAY, BREAKFAST IN BED",OTROS_VARIOS
22764,"RUSTIC WOODEN CABINET, GLASS DOORS",OTROS_VARIOS
22770,MIRROR CORNICE,OTROS_VARIOS
22761,CHEST 7 DRAWER MA CAMPAGNE,OTROS_VARIOS
22840,ROUND CAKE TIN VINTAGE RED,COCINA_MESA
22841,ROUND CAKE TIN VINTAGE GREEN,COCINA_MESA
22842,BISCUIT TIN VINTAGE RED,PAPELERIA_EMPAQUE
22847,"BREAD BIN, DINER STYLE, IVORY",OTROS_VARIOS
22849,"BREAD BIN, DINER STYLE, MINT",OTROS_VARIOS
22790,"MIRROR, ARCHED GEORGIAN",OTROS_VARIOS
22838,3 TIER CAKE TIN RED AND CREAM,COCINA_MESA
22846,BREAD BIN DINER STYLE RED ,OTROS_VARIOS
22839,"CAKE TIN, 3 TIER MINT/IVORY",COCINA_MESA
22890,NOVELTY BISCUITS CAKE STAND 3 TIER,COCINA_MESA
22848,BREAD BIN DINER STYLE PINK,OTROS_VARIOS
22843,BISCUIT TIN VINTAGE GREEN,PAPELERIA_EMPAQUE
22891,TEA FOR ONE POLKADOT,OTROS_VARIOS
84661a,WHITE SQUARE TABLE CLOCK,OTROS_VARIOS
22892,SALT AND PEPPER SHAKERS TOADSTOOLS,OTROS_VARIOS
22853,ENAMEL CAT BOWL CREAM,COCINA_MESA
22852,ENAMEL DOG BOWL CREAM,COCINA_MESA
22893,MINI CAKE STAND T-LIGHT HOLDER,COCINA_MESA
22845,VINTAGE CREAM CAT FOOD CONTAINER,OTROS_VARIOS
22784,Incorrectly entered. should be 2279,OTROS_VARIOS
22788,BROCANTE COAT RACK,OTROS_VARIOS
22785,CUSHION COVER PINK UNION FLAG,TEXTIL_HOGAR
22795,SWEETHEART RECIPE BOOK STAND,OTROS_VARIOS
22781,GUMBALL MAGAZINE RACK,OTROS_VARIOS
22776,SWEETHEART CAKESTAND 3 TIER,COCINA_MESA
22775,PURPLE DRAWERKNOB ACRYLIC EDWARDIAN,OTROS_VARIOS
22771,CLEAR DRAWER KNOB ACRYLIC EDWARDIAN,OTROS_VARIOS
22772,PINK DRAWER KNOB ACRYLIC EDWARDIAN,OTROS_VARIOS
22773,GREEN DRAWER KNOB ACRYLIC EDWARDIAN,OTROS_VARIOS
22805,BLUE DRAWER KNOB ACRYLIC EDWARDIAN,OTROS_VARIOS
22774,RED DRAWER KNOB ACRYLIC EDWARDIAN,OTROS_VARIOS
22856,ASSORTED EASTER DECORATIONS  BELLS,JUGUETES_DECOR
22789,T-LIGHT HOLDER SWEETHEART HANGING,ILUMINACION
22850,BREAD BIN DINER STYLE BLACK,OTROS_VARIOS
22797,CHEST OF DRAWERS GINGHAM HEART ,OTROS_VARIOS
22786,PILLOWCUSHION COVER PINK UNION JACK,TEXTIL_HOGAR
22844,VINTAGE CREAM DOG FOOD CONTAINER,OTROS_VARIOS
22873,"NUMBER TILE COTTAGE GARDEN, 5",JARDIN
22869,"NUMBER TILE COTTAGE GARDEN, 1",JARDIN
22794,SWEETHEART WIRE MAGAZINE RACK,OTROS_VARIOS
22778,GLASS CLOCHE SMALL,OTROS_VARIOS
22799,SWEETHEART WIRE FRUIT BOWL,COCINA_MESA
22878,"NUMBER TILE COTTAGE GARDEN, No",JARDIN
22870,"NUMBER TILE COTTAGE GARDEN, 2",JARDIN
22871,"NUMBER TILE COTTAGE GARDEN, 3 ",JARDIN
22872,"NUMBER TILE COTTAGE GARDEN, 4",JARDIN
22874,"NUMBER TILE COTTAGE GARDEN, 6",JARDIN
22875,"NUMBER TILE COTTAGE GARDEN, 7",JARDIN
22876,"NUMBER TILE COTTAGE GARDEN, 8",JARDIN
22877,"NUMBER TILE COTTAGE GARDEN, 9",JARDIN
22868,"NUMBER TILE COTTAGE GARDEN, 0 ",JARDIN
22883,NUMBER TILE VINTAGE FONT 4,OTROS_VARIOS
22887,NUMBER TILE VINTAGE FONT 8,OTROS_VARIOS
35815P,"ACRYLIC JEWEL SNOWFLAKE, PINK",OTROS_VARIOS
22882,NUMBER TILE VINTAGE FONT 3,OTROS_VARIOS
22879,NUMBER TILE VINTAGE FONT 0,OTROS_VARIOS
22885,NUMBER TILE VINTAGE FONT 6 ,OTROS_VARIOS
22942,CHRISTMAS LIGHTS 10 SANTAS ,NAVIDAD
22941,CHRISTMAS LIGHTS 10 REINDEER,NAVIDAD
22943,CHRISTMAS LIGHTS 10 VINTAGE BAUBLES,NAVIDAD
22827,GIANT SEVENTEEN DRAWER SIDEBOARD,OTROS_VARIOS
22884,NUMBER TILE VINTAGE FONT 5,OTROS_VARIOS
22828,REGENCY MIRROR WITH SHUTTERS,OTROS_VARIOS
22825,DECORATIVE PLANT POT WITH FRIEZE,JARDIN
22777,GLASS CLOCHE LARGE,OTROS_VARIOS
22780,LIGHT GARLAND BUTTERFILES PINK,ILUMINACION
22791,T-LIGHT GLASS FLUTED ANTIQUE,ILUMINACION
22830,UTILTY CABINET WITH HOOKS,OTROS_VARIOS
22801,ANTIQUE GLASS PEDESTAL BOWL,COCINA_MESA
22792,FLUTED ANTIQUE CANDLE HOLDER,ILUMINACION
22798,ANTIQUE GLASS DRESSING TABLE POT,OTROS_VARIOS
22800,ANTIQUE TALL SWIRLGLASS TRINKET POT,OTROS_VARIOS
85036b,CHOCOLATE 1 WICK MORRIS BOX CANDLE,ILUMINACION
22803,IVORY EMBROIDERED QUILT ,OTROS_VARIOS
84559d,3D SHEET OF SEA WORLD STICKERS,OTROS_VARIOS
35004p,SET OF 3 PINK FLYING DUCKS,OTROS_VARIOS
22968,ROSE COTTAGE KEEPSAKE BOX ,PAPELERIA_EMPAQUE
22779,WOODEN OWLS LIGHT GARLAND ,ILUMINACION
22889,"NUMBER TILE VINTAGE FONT, No ",OTROS_VARIOS
22880,"NUMBER TILE VINTAGE FONT, 1",OTROS_VARIOS
22886,"NUMBER TILE VINTAGE FONT, 7",OTROS_VARIOS
22881,"NUMBER TILE VINTAGE FONT, 2",OTROS_VARIOS
22783,SET 3 WICKER OVAL BASKETS W LIDS,OTROS_VARIOS
22823,CHEST NATURAL WOOD 20 DRAWERS,OTROS_VARIOS
22782,SET 3 WICKER STORAGE BASKETS ,OTROS_VARIOS
85179a,GREEN BITTY LIGHT CHAIN,ILUMINACION
22802,FAUX FUR CHOCOLATE THROW,OTROS_VARIOS
90214Y,"LETTER ""Y"" BLING KEY RING",OTROS_VARIOS
90214U,"LETTER ""U"" BLING KEY RING",OTROS_VARIOS
85017D,,SIN_DESCRIPCION
22955,36 FOIL STAR CAKE CASES ,COCINA_MESA
22888,NUMBER TILE VINTAGE FONT 9 ,OTROS_VARIOS
22953,BIRTHDAY PARTY CORDON BARRIER TAPE,OTROS_VARIOS
22956,36 FOIL HEART CAKE CASES,COCINA_MESA
22833,HALL CABINET WITH 3 DRAWERS,OTROS_VARIOS
90176B,DIAMANTE NECKLACE BLACK ,OTROS_VARIOS
15002,rex use,OTROS_VARIOS
22954,HEN PARTY CORDON BARRIER TAPE,OTROS_VARIOS
22822,CREAM WALL PLANTER HEART SHAPED,OTROS_VARIOS
22824,3 TIER SWEETHEART GARDEN SHELF,JARDIN
22831,WHITE BROCANTE SOAP DISH,OTROS_VARIOS
22858,EASTER TIN KEEPSAKE,PAPELERIA_EMPAQUE
AMAZONFEE,AMAZON FEE,OTROS_VARIOS
90142C,ROSE PINK PENDANT SHELL NECKLACE,OTROS_VARIOS
22966,GINGERBREAD MAN COOKIE CUTTER,OTROS_VARIOS
22832,SWEETHEART WIRE WALL TIDY,OTROS_VARIOS
22829,BROCANTE SHELF WITH HOOKS,OTROS_VARIOS
22722,SET OF 6 SPICE TINS PANTRY DESIGN,PAPELERIA_EMPAQUE
22923,FRIDGE MAGNETS LES ENFANTS ASSORTED,OTROS_VARIOS
22914,BLUE COAT RACK PARIS FASHION,OTROS_VARIOS
22913,RED COAT RACK PARIS FASHION,OTROS_VARIOS
22912,YELLOW COAT RACK PARIS FASHION,OTROS_VARIOS
47590b,PINK HAPPY BIRTHDAY BUNTING,PAPELERIA_EMPAQUE
22915,ASSORTED BOTTLE TOP  MAGNETS ,OTROS_VARIOS
22922,FRIDGE MAGNETS US DINER ASSORTED,OTROS_VARIOS
22924,FRIDGE MAGNETS LA VIE EN ROSE,OTROS_VARIOS
22926,IVORY GIANT GARDEN THERMOMETER,JARDIN
22917,HERB MARKER ROSEMARY,OTROS_VARIOS
22969,HOMEMADE JAM SCENTED CANDLES,ILUMINACION
22964,3 PIECE SPACEBOY COOKIE CUTTER SET,OTROS_VARIOS
90127A,PINK BEADS+HAND PHONE CHARM,OTROS_VARIOS
22965,3 TRADITIONAl BISCUIT CUTTERS  SET,OTROS_VARIOS
22927,GREEN GIANT GARDEN THERMOMETER,JARDIN
22921,HERB MARKER CHIVES ,OTROS_VARIOS
22920,HERB MARKER BASIL,OTROS_VARIOS
22916,HERB MARKER THYME,OTROS_VARIOS
22918,HERB MARKER PARSLEY,OTROS_VARIOS
90142B,IVORY PENDANT SHELL NECKLACE,OTROS_VARIOS
22925,BLUE GIANT GARDEN THERMOMETER,JARDIN
22919,HERB MARKER MINT,OTROS_VARIOS
22928,YELLOW GIANT GARDEN THERMOMETER,JARDIN
22988,SOLDIERS EGG CUP ,COCINA_MESA
90135,ORANGE/WHT/FUSCHIA STONES NECKLACE,OTROS_VARIOS
90136,PALE PINK/AMETHYST STONE NECKLACE,OTROS_VARIOS
22973,CHILDRENS CIRCUS PARADE MUG,COCINA_MESA
85035c,ROSE 3 WICK MORRIS BOX CANDLE,ILUMINACION
85035a,GARDENIA 3 WICK MORRIS BOXED CANDLE,JARDIN
22929,SCHOOL DESK AND CHAIR ,OTROS_VARIOS
90142D,MOP PENDANT SHELL NECKLACE,OTROS_VARIOS
22972,CHILDREN'S SPACEBOY MUG,COCINA_MESA
22975,SPACEBOY CHILDRENS EGG CUP,COCINA_MESA
22974,CHILDRENS DOLLY GIRL MUG,COCINA_MESA
22976,CIRCUS PARADE CHILDRENS EGG CUP ,COCINA_MESA
22977,DOLLY GIRL CHILDRENS EGG CUP,COCINA_MESA
22960,mailout addition,OTROS_VARIOS
22962,Mailout,OTROS_VARIOS
35809a,ENAMEL PINK TEA CONTAINER,OTROS_VARIOS
84596g,SMALL CHOCOLATES PINK BOWL,COCINA_MESA
90182A,AMBER 3 BEAD DROP EARRINGS,OTROS_VARIOS
85049g,CHOCOLATE BOX RIBBONS ,PAPELERIA_EMPAQUE
72803b,OCEAN SCENT CANDLE JEWELLED DRAWER,ILUMINACION
79151B,"SILICON CUBE 25W, BLUE",OTROS_VARIOS
22930,BAKING MOULD HEART MILK CHOCOLATE,COCINA_MESA
22931,BAKING MOULD HEART WHITE CHOCOLATE,COCINA_MESA
22932,BAKING MOULD TOFFEE CUP CHOCOLATE,COCINA_MESA
22937,BAKING MOULD CHOCOLATE CUPCAKES,COCINA_MESA
22936,BAKING MOULD ROSE WHITE CHOCOLATE,COCINA_MESA
22935,BAKING MOULD ROSE MILK CHOCOLATE,COCINA_MESA
22933,BAKING MOULD EASTER EGG MILK CHOC,COCINA_MESA
21120,*Boombox Ipod Classic,PAPELERIA_EMPAQUE
22934,BAKING MOULD EASTER EGG WHITE CHOC,COCINA_MESA
22826,LOVE SEAT ANTIQUE WHITE METAL,OTROS_VARIOS
22861,EASTER TIN CHICKS IN GARDEN,JARDIN
22723,SET OF 6 HERB TINS SKETCHBOOK,PAPELERIA_EMPAQUE
22720,SET OF 3 CAKE TINS PANTRY DESIGN ,COCINA_MESA
22721,SET OF 3 CAKE TINS SKETCHBOOK,COCINA_MESA
22970,LONDON BUS COFFEE MUG,COCINA_MESA
22971,QUEENS GUARD COFFEE MUG,COCINA_MESA
23231,WRAP DOILEY DESIGN,PAPELERIA_EMPAQUE
23230,WRAP ALPHABET DESIGN,PAPELERIA_EMPAQUE
85231g,ORANGE SCENTED SET/9 T-LIGHTS,ILUMINACION
22967,SET 3 SONG BIRD PAPER EGGS ASSORTED,PAPELERIA_EMPAQUE
22957,SET 3 PAPER VINTAGE CHICK PAPER EGG,PAPELERIA_EMPAQUE
23233,WRAP POPPIES  DESIGN,PAPELERIA_EMPAQUE
23232,WRAP VINTAGE PETALS  DESIGN,PAPELERIA_EMPAQUE
23166,MEDIUM CERAMIC TOP STORAGE JAR,OTROS_VARIOS
37413,,SIN_DESCRIPCION
79063D,,SIN_DESCRIPCION
DCGS0055,,SIN_DESCRIPCION
DCGS0074,,SIN_DESCRIPCION
DCGS0057,,SIN_DESCRIPCION
17028J,INCENSE BAZAAR PEACH,OTROS_VARIOS
84509b,SET OF 4 FAIRY CAKE PLACEMATS,COCINA_MESA
79063C,,SIN_DESCRIPCION
79062D,,SIN_DESCRIPCION
22989,SET 2 PANTRY DESIGN TEA TOWELS,TEXTIL_HOGAR
22990,COTTON APRON PANTRY DESIGN,TEXTIL_HOGAR
22980,PANTRY SCRUBBING BRUSH,OTROS_VARIOS
22993,SET OF 4 PANTRY JELLY MOULDS,OTROS_VARIOS
23006,TRAVEL CARD WALLET FLOWER MEADOW,PAPELERIA_EMPAQUE
23004,TRAVEL CARD WALLET PANTRY,PAPELERIA_EMPAQUE
23002,TRAVEL CARD WALLET SKULLS,PAPELERIA_EMPAQUE
23003,TRAVEL CARD WALLET VINTAGE ROSE ,PAPELERIA_EMPAQUE
23000,TRAVEL CARD WALLET TRANSPORT,PAPELERIA_EMPAQUE
22994,TRAVEL CARD WALLET RETROSPOT,PAPELERIA_EMPAQUE
22998,TRAVEL CARD WALLET KEEP CALM,PAPELERIA_EMPAQUE
22991,GIRAFFE WOODEN RULER,OTROS_VARIOS
22992,REVOLVER WOODEN RULER ,OTROS_VARIOS
22999,TRAVEL CARD WALLET RETRO PETALS,PAPELERIA_EMPAQUE
22995,TRAVEL CARD WALLET SUKI,PAPELERIA_EMPAQUE
22996,TRAVEL CARD WALLET VINTAGE TICKET,PAPELERIA_EMPAQUE
22978,PANTRY ROLLING PIN,OTROS_VARIOS
22997,TRAVEL CARD WALLET UNION JACK,PAPELERIA_EMPAQUE
23005,TRAVEL CARD WALLET I LOVE LONDON,PAPELERIA_EMPAQUE
23182,TOILET SIGN OCCUPIED OR VACANT,COCINA_MESA
22979,PANTRY WASHING UP BRUSH,OTROS_VARIOS
23177,TREASURE ISLAND BOOK BOX,PAPELERIA_EMPAQUE
23193,BUFFALO BILL TREASURE BOOK BOX,PAPELERIA_EMPAQUE
23194,GYMKHANNA TREASURE BOOK BOX,PAPELERIA_EMPAQUE
23176,ABC TREASURE BOOK BOX ,PAPELERIA_EMPAQUE
22982,PANTRY PASTRY BRUSH,OTROS_VARIOS
23126,DOLLCRAFT GIRL AMELIE KIT,JUGUETES_DECOR
23127,DOLLCRAFT GIRL NICOLE,JUGUETES_DECOR
23128,FELTCRAFT BOY JEAN-PAUL KIT,OTROS_VARIOS
23183,MOTHER'S KITCHEN SPOON REST ,COCINA_MESA
23179,CLOCK MAGNET MUM'S KITCHEN,COCINA_MESA
23178,JAM CLOCK MAGNET,OTROS_VARIOS
22981,PANTRY APPLE CORER,OTROS_VARIOS
23180,MUM'S KITCHEN CLOCK,COCINA_MESA
23049,RECYCLED ACAPULCO MAT RED,OTROS_VARIOS
23053,RECYCLED ACAPULCO MAT PINK,OTROS_VARIOS
23054,RECYCLED ACAPULCO MAT LAVENDER,OTROS_VARIOS
23050,RECYCLED ACAPULCO MAT GREEN,OTROS_VARIOS
23052,RECYCLED ACAPULCO MAT TURQUOISE,OTROS_VARIOS
23051,RECYCLED ACAPULCO MAT BLUE,OTROS_VARIOS
23185,FRENCH STYLE STORAGE JAR JAM,OTROS_VARIOS
23184,BULL DOG BOTTLE OPENER,OTROS_VARIOS
23181,BULL DOG BOTTLE TOP WALL CLOCK,OTROS_VARIOS
23187,FRENCH STYLE STORAGE JAR BONBONS,OTROS_VARIOS
23186,FRENCH STYLE STORAGE JAR CAFE ,OTROS_VARIOS
23010,CIRCUS PARADE BABY GIFT SET,OTROS_VARIOS
23007, SPACEBOY BABY GIFT SET,OTROS_VARIOS
23009,I LOVE LONDON BABY GIFT SET,OTROS_VARIOS
23008,DOLLY GIRL BABY GIFT SET,JUGUETES_DECOR
23348,,SIN_DESCRIPCION
23077,DOUGHNUT LIP GLOSS ,OTROS_VARIOS
23076,ICE CREAM SUNDAE LIP GLOSS,OTROS_VARIOS
23078,ICE CREAM PEN LIP GLOSS ,OTROS_VARIOS
23159,SET OF 5 PANCAKE DAY MAGNETS,COCINA_MESA
23154,SET OF 4 JAM JAR MAGNETS,OTROS_VARIOS
23156,SET OF 5 MINI GROCERY MAGNETS,OTROS_VARIOS
23155,KNICKERBOCKERGLORY MAGNET ASSORTED ,OTROS_VARIOS
23158,SET OF 5 LUCKY CAT MAGNETS ,OTROS_VARIOS
85049d,BRIGHT BLUES RIBBONS ,PAPELERIA_EMPAQUE
23157,SET OF 6 NATIVITY MAGNETS ,OTROS_VARIOS
23254,CHILDRENS CUTLERY DOLLY GIRL ,JUGUETES_DECOR
23256,CHILDRENS CUTLERY SPACEBOY ,OTROS_VARIOS
23255,CHILDRENS CUTLERY CIRCUS PARADE,OTROS_VARIOS
23205,CHARLOTTE BAG VINTAGE ALPHABET ,PAPELERIA_EMPAQUE
23201,JUMBO BAG ALPHABET,PAPELERIA_EMPAQUE
23207,LUNCH BAG ALPHABET DESIGN,PAPELERIA_EMPAQUE
23199,JUMBO BAG APPLES,PAPELERIA_EMPAQUE
23206,LUNCH BAG APPLE DESIGN,PAPELERIA_EMPAQUE
23204,CHARLOTTE BAG APPLES DESIGN,PAPELERIA_EMPAQUE
23208,LUNCH BAG VINTAGE LEAF DESIGN,PAPELERIA_EMPAQUE
23065,LARGE DECO JEWELLERY STAND,OTROS_VARIOS
23060,HEART BEADED TRELLIS DECORATION,JUGUETES_DECOR
23057,GEMSTONE CHANDELIER T-LIGHT HOLDER,ILUMINACION
23253,16 PIECE CUTLERY SET PANTRY DESIGN,OTROS_VARIOS
23066,SMALL DECO JEWELLERY STAND,OTROS_VARIOS
23068,ALUMINIUM STAMPED HEART,OTROS_VARIOS
23075,DOUBLE CERAMIC PARLOUR HOOK,OTROS_VARIOS
23153,ZINC SWEETHEART WIRE LETTER RACK,OTROS_VARIOS
23073,GEORGIAN TRINKET BOX,PAPELERIA_EMPAQUE
23146,TRIPLE HOOK ANTIQUE IVORY ROSE,OTROS_VARIOS
23061,VINTAGE EMBOSSED HEART,OTROS_VARIOS
23055,IVORY CHANDELIER T-LIGHT HOLDER,ILUMINACION
23056,FLOWERS CHANDELIER T-LIGHT HOLDER,ILUMINACION
23140,TRIPLE WIRE HOOK IVORY HEART,OTROS_VARIOS
23141,TRIPLE WIRE HOOK PINK HEART,OTROS_VARIOS
23135,SMALL ZINC HEART WALL ORGANISER,OTROS_VARIOS
23132,SMALL IVORY HEART WALL ORGANISER,OTROS_VARIOS
23071,MARIE ANTOIENETT TRINKET BOX GOLD,PAPELERIA_EMPAQUE
23152,IVORY SWEETHEART WIRE LETTER RACK ,OTROS_VARIOS
23134,LARGE ZINC HEART WALL ORGANISER,OTROS_VARIOS
23133,LARGE IVORY HEART WALL ORGANISER,OTROS_VARIOS
23147,SINGLE ANTIQUE ROSE HOOK IVORY,OTROS_VARIOS
23148,MINIATURE ANTIQUE ROSE HOOK IVORY,OTROS_VARIOS
23144,ZINC T-LIGHT HOLDER STARS SMALL,ILUMINACION
23142,IVORY WIRE KITCHEN ORGANISER,COCINA_MESA
23136,IVORY WIRE SWEETHEART LETTER TRAY,OTROS_VARIOS
23139,SINGLE WIRE HOOK PINK HEART,OTROS_VARIOS
23138,SINGLE WIRE HOOK IVORY HEART,OTROS_VARIOS
23150,IVORY SWEETHEART SOAP DISH,OTROS_VARIOS
23145,ZINC T-LIGHT HOLDER STAR LARGE,ILUMINACION
23137,ZINC WIRE SWEETHEART LETTER TRAY,OTROS_VARIOS
23069,EDWARDIAN PHOTO FRAME,OTROS_VARIOS
23131,MISTLETOE HEART WREATH CREAM,OTROS_VARIOS
23067,HANGING ENGRAVED METAL HEART,OTROS_VARIOS
23163,REGENCY SUGAR TONGS,OTROS_VARIOS
23284,DOORMAT KEEP CALM AND COME IN,TEXTIL_HOGAR
23283,DOORMAT VINTAGE LEAVES DESIGN ,TEXTIL_HOGAR
23162,REGENCY TEA STRAINER,OTROS_VARIOS
23048,SET OF 10 LANTERNS FAIRY LIGHT STAR,ILUMINACION
23042,PAPER LANTERN 7 POINT SNOW STAR,ILUMINACION
23041,PAPER LANTERN 9 POINT SNOW STAR,ILUMINACION
23040,PAPER LANTERN 9 POINT SNOW STAR ,ILUMINACION
23064,CINDERELLA CHANDELIER ,OTROS_VARIOS
23130,MISTLETOE HEART WREATH GREEN,OTROS_VARIOS
23160,REGENCY TEA SPOON,OTROS_VARIOS
23161,REGENCY CAKE FORK,COCINA_MESA
23164,REGENCY CAKE SLICE,COCINA_MESA
23149,ANTIQUE IVORY WIRE BOWL SMALL,COCINA_MESA
23143,ZINC WIRE KITCHEN ORGANISER,COCINA_MESA
23299,FOOD COVER WITH BEADS SET 2 ,OTROS_VARIOS
23298,SPOTTY BUNTING,PAPELERIA_EMPAQUE
23070,EDWARDIAN HEART PHOTO FRAME,OTROS_VARIOS
23151,ZINC SWEETHEART SOAP DISH,OTROS_VARIOS
23043,PAPER LANTERN 9 POINT HOLLY STAR 40,ILUMINACION
23045,PAPER LANTERN 5 POINT STAR MOON 30,ILUMINACION
23200,mailout ,OTROS_VARIOS
23202,mailout,OTROS_VARIOS
23203,mailout,OTROS_VARIOS
23209,mailout,OTROS_VARIOS
23072,MARIE ANTOINETTE TRINKET BOX SILVER,PAPELERIA_EMPAQUE
23046,PAPER LANTERN 9 POINT DELUXE STAR,ILUMINACION
23047,PAPER LANTERN 5 POINT SEQUIN STAR,ILUMINACION
23044,PAPER LANTERN 9 POINT HOLLY STAR S,ILUMINACION
23282,FOLDING BUTTERFLY MIRROR IVORY ,OTROS_VARIOS
23280,FOLDING BUTTERFLY MIRROR HOT PINK ,OTROS_VARIOS
23190,BUNDLE OF 3 SCHOOL EXERCISE BOOKS  ,OTROS_VARIOS
23191,BUNDLE OF 3 RETRO NOTE BOOKS,OTROS_VARIOS
23192,BUNDLE OF 3 ALPHABET EXERCISE BOOKS,OTROS_VARIOS
23175,REGENCY MILK JUG PINK ,OTROS_VARIOS
23174,REGENCY SUGAR BOWL GREEN,COCINA_MESA
23173,REGENCY TEAPOT ROSES ,COCINA_MESA
23172,REGENCY TEA PLATE PINK,COCINA_MESA
23171,REGENCY TEA PLATE GREEN ,COCINA_MESA
23170,REGENCY TEA PLATE ROSES ,COCINA_MESA
23081,GREEN METAL BOX ARMY SUPPLIES,PAPELERIA_EMPAQUE
23084,RABBIT NIGHT LIGHT,ILUMINACION
23281,FOLDING BUTTERFLY MIRROR RED  ,OTROS_VARIOS
84509g,SET OF 4 FAIRY CAKE PLACEMATS ,COCINA_MESA
23118,PARISIENNE JEWELLERY DRAWER ,OTROS_VARIOS
23096,PETIT TRAY CHIC,OTROS_VARIOS
23091,ZINC HERB GARDEN CONTAINER,JARDIN
23094,LE GRAND TRAY CHIC SET,OTROS_VARIOS
23108,SET OF 10 LED DOLLY LIGHTS,ILUMINACION
23080,RED METAL BOX TOP SECRET,PAPELERIA_EMPAQUE
23110,PARISIENNE KEY CABINET ,OTROS_VARIOS
23059,Thrown away-rusty,OTROS_VARIOS
23100,SILVER BELLS TABLE DECORATION,JUGUETES_DECOR
23102,SILVER HEARTS TABLE DECORATION,JUGUETES_DECOR
23082,SET 6 PAPER TABLE LANTERN HEARTS ,ILUMINACION
23093,SMALL PARISIENNE HEART PHOTO FRAME ,OTROS_VARIOS
23109,LED TEA LIGHTS,ILUMINACION
23103,BELL HEART DECORATION,JUGUETES_DECOR
23112,PARISIENNE CURIO CABINET,OTROS_VARIOS
23111,PARISIENNE SEWING BOX,PAPELERIA_EMPAQUE
23079,TOADSTOOL BEDSIDE LIGHT ,ILUMINACION
23167,SMALL CERAMIC TOP STORAGE JAR ,OTROS_VARIOS
23104,IVORY PANTRY HANGING LAMP ,ILUMINACION
23168,CLASSIC SUGAR DISPENSER,OTROS_VARIOS
23169,CLASSIC GLASS SWEET JAR,OTROS_VARIOS
23165,LARGE CERAMIC TOP STORAGE JAR,OTROS_VARIOS
23101,SILVER STARS TABLE DECORATION,JUGUETES_DECOR
23089,GLASS BON BON JAR,OTROS_VARIOS
23107,WHITE WIRE PLANT POT HOLDER,JARDIN
23088,ZINC HEART FLOWER T-LIGHT HOLDER,ILUMINACION
23106,ZINC HEARTS PLANT POT HOLDER,JARDIN
23087,ZINC  HEART T-LIGHT HOLDER,ILUMINACION
23083,SET 6 PAPER TABLE LANTERN STARS ,ILUMINACION
23301,GARDENERS KNEELING PAD KEEP CALM ,JARDIN
23300,GARDENERS KNEELING PAD CUP OF TEA ,JARDIN
23302,KNEELING MAT HOUSEWORK  DESIGN,OTROS_VARIOS
23090,VINTAGE GLASS T-LIGHT HOLDER,ILUMINACION
23092,LARGE ANTIQUE WHITE PHOTO FRAME,OTROS_VARIOS
23085,ANTIQUE SILVER BAUBLE LAMP  ,ILUMINACION
23099,FRENCH CARRIAGE LANTERN,ILUMINACION
23086,ZINC  STAR T-LIGHT HOLDER ,ILUMINACION
23129,HEART SHAPED HOLLY WREATH,OTROS_VARIOS
23444,,SIN_DESCRIPCION
85034a,3 GARDENIA MORRIS BOXED CANDLES,JARDIN
23228,FILIGREE HEART BIRD WHITE ,OTROS_VARIOS
84596l,BISCUITS SMALL BOWL LIGHT BLUE,COCINA_MESA
23227,FILIGREE HEART BUTTERFLY WHITE ,OTROS_VARIOS
23226,FILIGREE HEART DAISY WHITE,OTROS_VARIOS
23221,REINDEER HEART DECORATION SILVER,NAVIDAD
23214,JINGLE BELL HEART ANTIQUE GOLD,OTROS_VARIOS
23215,JINGLE BELL HEART ANTIQUE SILVER,OTROS_VARIOS
23210,WHITE ROCKING HORSE HAND PAINTED,OTROS_VARIOS
23213,STAR WREATH DECORATION WITH BELL,JUGUETES_DECOR
23212,HEART WREATH DECORATION WITH BELL,JUGUETES_DECOR
23219,LAUREL STAR ANTIQUE SILVER ,OTROS_VARIOS
23224,CHERUB HEART DECORATION GOLD,JUGUETES_DECOR
23211,RED ROCKING HORSE HAND PAINTED,OTROS_VARIOS
23216,LAUREL HEART ANTIQUE GOLD,OTROS_VARIOS
23217,LAUREL HEART ANTIQUE SILVER,OTROS_VARIOS
23225,CHERUB HEART DECORATION SILVER ,JUGUETES_DECOR
23275,SET OF 3 HANGING OWLS OLLIE BEAK,OTROS_VARIOS
23263,SET OF 3 WOODEN HEART DECORATIONS,JUGUETES_DECOR
23309,SET OF 60 I LOVE LONDON CAKE CASES ,COCINA_MESA
23270,SET OF 2 CERAMIC PAINTED HEARTS ,OTROS_VARIOS
23307,SET OF 60 PANTRY DESIGN CAKE CASES ,COCINA_MESA
23306,SET OF 36 DOILIES PANTRY DESIGN,OTROS_VARIOS
23308,SET OF 60 VINTAGE LEAF CAKE CASES ,COCINA_MESA
23273,HEART T-LIGHT HOLDER WILLIE WINKIE,ILUMINACION
23274,STAR T-LIGHT HOLDER WILLIE WINKIE,ILUMINACION
23240,SET OF 4 KNICK KNACK TINS DOILEY ,PAPELERIA_EMPAQUE
23238,SET OF 4 KNICK KNACK TINS LONDON ,PAPELERIA_EMPAQUE
23243,SET OF TEA COFFEE SUGAR TINS PANTRY,PAPELERIA_EMPAQUE
23245,SET OF 3 REGENCY CAKE TINS,COCINA_MESA
23239,SET OF 4 KNICK KNACK TINS POPPIES,PAPELERIA_EMPAQUE
23236,DOILEY STORAGE TIN,PAPELERIA_EMPAQUE
23235,STORAGE TIN VINTAGE LEAF,PAPELERIA_EMPAQUE
23241,TREASURE TIN GYMKHANA DESIGN,PAPELERIA_EMPAQUE
23242,TREASURE TIN BUFFALO BILL ,PAPELERIA_EMPAQUE
23247,BISCUIT TIN 50'S CHRISTMAS,NAVIDAD
23244,ROUND STORAGE TIN VINTAGE LEAF,PAPELERIA_EMPAQUE
23237,SET OF 4 KNICK KNACK TINS LEAVES ,PAPELERIA_EMPAQUE
23310,BUBBLEGUM RING ASSORTED,OTROS_VARIOS
23321,SMALL WHITE HEART OF WICKER,OTROS_VARIOS
23220,REINDEER HEART DECORATION GOLD,NAVIDAD
23264,SET OF 3 WOODEN SLEIGH DECORATIONS,JUGUETES_DECOR
23265,SET OF 3 WOODEN TREE DECORATIONS,JUGUETES_DECOR
23266,SET OF 3 WOODEN STOCKING DECORATION,JUGUETES_DECOR
23269,SET OF 2 CERAMIC CHRISTMAS TREES,NAVIDAD
23268,SET OF 2 CERAMIC CHRISTMAS REINDEER,NAVIDAD
23252,VINTAGE RED ENAMEL TRIM JUG ,OTROS_VARIOS
23322,LARGE WHITE HEART OF WICKER,OTROS_VARIOS
23286,BLUE VINTAGE SPOT BEAKER,OTROS_VARIOS
23338,EGG FRYING PAN RED ,OTROS_VARIOS
23285,PINK VINTAGE SPOT BEAKER,OTROS_VARIOS
23288,GREEN VINTAGE SPOT BEAKER,OTROS_VARIOS
23343,JUMBO BAG VINTAGE CHRISTMAS ,NAVIDAD
23271,CHRISTMAS TABLE CANDLE SILVER SPIKE,NAVIDAD
23335,EGG FRYING PAN IVORY ,OTROS_VARIOS
23339,EGG FRYING PAN BLUE ,OTROS_VARIOS
23336,EGG FRYING PAN PINK ,OTROS_VARIOS
23337,EGG FRYING PAN MINT ,OTROS_VARIOS
23292,SPACE BOY CHILDRENS CUP,COCINA_MESA
23291,DOLLY GIRL CHILDRENS CUP,COCINA_MESA
23289,DOLLY GIRL CHILDRENS BOWL,COCINA_MESA
23290,SPACEBOY CHILDRENS BOWL,COCINA_MESA
23287,RED VINTAGE SPOT BEAKER,OTROS_VARIOS
23188,VINTAGE  2 METER FOLDING RULER,OTROS_VARIOS
23251,VINTAGE RED ENAMEL TRIM MUG ,COCINA_MESA
23249,VINTAGE RED ENAMEL TRIM PLATE,COCINA_MESA
23250,VINTAGE RED TRIM ENAMEL BOWL ,COCINA_MESA
23229,VINTAGE DONKEY TAIL GAME ,JUGUETES_DECOR
23234,BISCUIT TIN VINTAGE CHRISTMAS,NAVIDAD
23012,GLASS APOTHECARY BOTTLE PERFUME,OTROS_VARIOS
23014,GLASS APOTHECARY BOTTLE ELIXIR,OTROS_VARIOS
23035,DRAWER KNOB CERAMIC IVORY,OTROS_VARIOS
23020,GLASS  SONGBIRD STORAGE JAR,OTROS_VARIOS
23032,DRAWER KNOB CRACKLE GLAZE IVORY,OTROS_VARIOS
23028,DRAWER KNOB CRACKLE GLAZE BLUE,OTROS_VARIOS
23031,DRAWER KNOB CRACKLE GLAZE PINK,OTROS_VARIOS
23029,DRAWER KNOB CRACKLE GLAZE GREEN,OTROS_VARIOS
23033,DRAWER KNOB CERAMIC RED,OTROS_VARIOS
23034,DRAWER KNOB CERAMIC BLACK,OTROS_VARIOS
23013,GLASS APOTHECARY BOTTLE TONIC,OTROS_VARIOS
23344,JUMBO BAG 50'S CHRISTMAS ,NAVIDAD
23022,SMALL BONNE JAM JAR  T-LIGHT HOLDER,ILUMINACION
23113,Damaged,OTROS_VARIOS
23016,GLASS TWIST BON BON JAR,OTROS_VARIOS
23026,DRAWER KNOB VINTAGE GLASS STAR,OTROS_VARIOS
23119,PACK OF 6 LARGE FRUIT STRAWS ,OTROS_VARIOS
23015,CORDIAL GLASS JUG,OTROS_VARIOS
23123,COCKTAIL SWORDS 50 PIECES,OTROS_VARIOS
23122,PARTY CHARMS 50 PIECES,OTROS_VARIOS
23120,PACK OF 6 SMALL FRUIT STRAWS,OTROS_VARIOS
23121,PACK OF 6 COCKTAIL PARASOL STRAWS,OTROS_VARIOS
23124,18PC WOODEN CUTLERY SET DISPOSABLE,OTROS_VARIOS
23125,6PC WOOD PLATE SET DISPOSABLE,COCINA_MESA
23039,T-LIGHT HOLDER SILVER HEART HANDLE,ILUMINACION
23021,GLASS BONNE JAM JAR,OTROS_VARIOS
23023,RIDGED BONNE JAM JAR T-LIGHT HOLDER,ILUMINACION
23114,Damaged,OTROS_VARIOS
23115,Damaged,OTROS_VARIOS
23116,Damaged,OTROS_VARIOS
23117,Damaged,OTROS_VARIOS
23019,SMALL APOTHECARY MEASURING JAR ,OTROS_VARIOS
23272,TREE T-LIGHT HOLDER WILLIE WINKIE,ILUMINACION
23036,T-LIGHT HOLDER SILVER PETIT FOUR ,ILUMINACION
23198,PANTRY MAGNETIC  SHOPPING LIST,OTROS_VARIOS
23027,DRAWER KNOB VINTAGE GLASS HEXAGON,OTROS_VARIOS
23024,LARGE BONNE JAM JAR  T-LIGHT HOLDER,ILUMINACION
23223,CHRISTMAS TREE HANGING SILVER ,NAVIDAD
23222,CHRISTMAS TREE HANGING GOLD,NAVIDAD
23197,SKETCHBOOK MAGNETIC SHOPPING LIST,OTROS_VARIOS
23196,RETRO LEAVES MAGNETIC NOTEPAD,OTROS_VARIOS
23267,SET OF 4 SANTA PLACE SETTINGS,NAVIDAD
23323,WHITE WICKER STAR ,OTROS_VARIOS
23315,IVORY REFECTORY CLOCK,OTROS_VARIOS
23316,RED REFECTORY CLOCK ,OTROS_VARIOS
23342,MINT DINER WALL CLOCK,OTROS_VARIOS
23341,PINK DINER WALL CLOCK,OTROS_VARIOS
23037,CANDLE HOLDER SILVER MADELINE,ILUMINACION
23317,BLUE REFECTORY CLOCK ,OTROS_VARIOS
23017,APOTHECARY MEASURING JAR,OTROS_VARIOS
23018,LARGE APOTHECARY MEASURING JAR ,OTROS_VARIOS
23025,DRAWER KNOB VINTAGE GLASS BALL,OTROS_VARIOS
23574,,SIN_DESCRIPCION
23318,BOX OF 6 MINI VINTAGE CRACKERS,PAPELERIA_EMPAQUE
23320,GIANT 50'S CHRISTMAS CRACKER,NAVIDAD
23001,TRAVEL CARD WALLET DOTCOMGIFTSHOP,PAPELERIA_EMPAQUE
23319,BOX OF 6 MINI 50'S CRACKERS,PAPELERIA_EMPAQUE
23038,T-LIGHT HOLDER SILVER SAUCER,ILUMINACION
85036a,GARDENIA 1 WICK MORRIS BOXED CANDLE,JARDIN
23313,VINTAGE CHRISTMAS BUNTING,NAVIDAD
23296,SET OF 6 TEA TIME BAKING CASES,COCINA_MESA
23294,SET OF 6 SNACK LOAF BAKING CASES,COCINA_MESA
23293,SET OF 12 FAIRY CAKE BAKING CASES,COCINA_MESA
23295,SET OF 12 MINI LOAF BAKING CASES,COCINA_MESA
23297,SET 40 HEART SHAPE PETIT FOUR CASES,OTROS_VARIOS
23311,VINTAGE CHRISTMAS STOCKING ,NAVIDAD
23314,VINTAGE CHRISTMAS TABLECLOTH,NAVIDAD
23312,VINTAGE CHRISTMAS GIFT SACK,NAVIDAD
23550,WRAP ALPHABET POSTER  ,PAPELERIA_EMPAQUE
23218,LAUREL STAR ANTIQUE GOLD,OTROS_VARIOS
23549,WRAP BIRD GARDEN ,JARDIN
23546,WRAP PAISLEY PARK ,PAPELERIA_EMPAQUE
23545,WRAP RED DOILEY,PAPELERIA_EMPAQUE
23547,WRAP FLOWER SHOP  ,PAPELERIA_EMPAQUE
23548,WRAP MAGIC FOREST ,PAPELERIA_EMPAQUE
16169E,WRAP 50'S  CHRISTMAS,NAVIDAD
35819P,,SIN_DESCRIPCION
23346,SPACEBOY BEAKER,OTROS_VARIOS
23345, DOLLY GIRL BEAKER,JUGUETES_DECOR
23347,I LOVE LONDON BEAKER,OTROS_VARIOS
DCGS0073,ebay,OTROS_VARIOS
DCGS0071,,SIN_DESCRIPCION
DCGS0066P,,SIN_DESCRIPCION
DCGS0067,ebay,OTROS_VARIOS
23340,VINTAGE CHRISTMAS CAKE FRILL,NAVIDAD
23360,SET 8 CANDLES VINTAGE DOILEY,ILUMINACION
23359,SET OF 12 T-LIGHTS VINTAGE DOILEY,ILUMINACION
23373,VINTAGE CHRISTMAS PAPER GIFT BAG,NAVIDAD
23436,GIFT BAG LARGE VINTAGE CHRISTMAS,NAVIDAD
23353,6 GIFT TAGS VINTAGE CHRISTMAS ,NAVIDAD
23354,6 GIFT TAGS 50'S CHRISTMAS ,NAVIDAD
23374,RED SPOT PAPER GIFT BAG,PAPELERIA_EMPAQUE
23438, RED SPOT GIFT BAG LARGE,PAPELERIA_EMPAQUE
23189,SET OF 12 FORK CANDLES,ILUMINACION
23349,ROLL WRAP VINTAGE CHRISTMAS,NAVIDAD
23350,ROLL WRAP VINTAGE SPOT ,PAPELERIA_EMPAQUE
23352,ROLL WRAP 50'S RED CHRISTMAS ,NAVIDAD
23351,ROLL WRAP 50'S CHRISTMAS,NAVIDAD
23324,RUSTIC STRAWBERRY JAMPOT LARGE ,OTROS_VARIOS
23332,IVORY WICKER HEART LARGE,OTROS_VARIOS
23329,DECORATIVE WICKER HEART LARGE,OTROS_VARIOS
23330,DECORATIVE WICKER HEART MEDIUM,OTROS_VARIOS
23334,IVORY WICKER HEART SMALL,OTROS_VARIOS
23333,IVORY WICKER HEART MEDIUM,OTROS_VARIOS
23328,SET 6 SCHOOL MILK BOTTLES IN CRATE,OTROS_VARIOS
23331,DECORATIVE WICKER HEART SMALL,OTROS_VARIOS
23327,HANGING CLEAR MINI BOTTLE,OTROS_VARIOS
23326,HANGING MINI COLOURED BOTTLES,OTROS_VARIOS
23325,RUSTIC STRAWBERRY JAMPOT SMALL,OTROS_VARIOS
23357,HOT WATER BOTTLE SEX BOMB,OTROS_VARIOS
23358,HOT STUFF HOT WATER BOTTLE,OTROS_VARIOS
23375,50'S CHRISTMAS PAPER GIFT BAG,NAVIDAD
23356,LOVE HOT WATER BOTTLE,OTROS_VARIOS
23355,HOT WATER BOTTLE KEEP CALM,OTROS_VARIOS
90176E,DIAMANTE NECKLACE GREEN,OTROS_VARIOS
23437, 50'S CHRISTMAS GIFT BAG LARGE,NAVIDAD
23445,ICE CREAM BUBBLES,OTROS_VARIOS
23439,HAND WARMER RED LOVE HEART,OTROS_VARIOS
23431,NATURAL HANGING QUILTED HEARTS ,OTROS_VARIOS
23433,HANGING QUILTED PATCHWORK APPLES,OTROS_VARIOS
CRUK,CRUK Commission,OTROS_VARIOS
23432,PRETTY HANGING QUILTED HEARTS,OTROS_VARIOS
23376,PACK OF 12 VINTAGE CHRISTMAS TISSUE,NAVIDAD
23378,PACK OF 12 50'S CHRISTMAS TISSUES,NAVIDAD
23551,PACK OF 12 PAISLEY PARK TISSUES ,OTROS_VARIOS
23620,SET 10 CARDS PERFECT POST 17090,PAPELERIA_EMPAQUE
23623,SET 10 CARD CHRISTMAS WELCOME 17112,NAVIDAD
23634,SET 10 CARDS XMAS CHOIR 17068,NAVIDAD
23396,BUTTERFLY CUSHION COVER,TEXTIL_HOGAR
23395,BELLE JARDINIERE CUSHION COVER,TEXTIL_HOGAR
23394,POSTE FRANCE CUSHION COVER,TEXTIL_HOGAR
23407,SET OF 2 TRAYS HOME SWEET HOME,OTROS_VARIOS
23393,HOME SWEET HOME CUSHION COVER ,TEXTIL_HOGAR
23427,STOOL HOME SWEET HOME ,OTROS_VARIOS
23397,FOOT STOOL HOME SWEET HOME ,OTROS_VARIOS
23377,PACK OF 12 DOLLY GIRL TISSUES,JUGUETES_DECOR
23399,HOME SWEET HOME HANGING HEART,OTROS_VARIOS
23411, TRELLIS COAT RACK,OTROS_VARIOS
23398,HANGING HEART BONHEUR,OTROS_VARIOS
23425,STORAGE TIN HOME SWEET HOME,PAPELERIA_EMPAQUE
23414,ZINC BOX SIGN HOME,PAPELERIA_EMPAQUE
23424,GINGHAM RECIPE BOOK BOX,PAPELERIA_EMPAQUE
23404,HOME SWEET HOME BLACKBOARD,OTROS_VARIOS
23406,HOME SWEET HOME KEY HOLDER,OTROS_VARIOS
23405,HOME SWEET HOME 2 DRAWER CABINET,OTROS_VARIOS
23379,PACK OF 12 RED APPLE TISSUES,OTROS_VARIOS
23381,PACK OF 12 VINTAGE LEAF TISSUES ,OTROS_VARIOS
23380,PACK OF 12 VINTAGE DOILY TISSUES,OTROS_VARIOS
23402,HOME SWEEET HOME 3 PEG HANGER ,OTROS_VARIOS
23403,LETTER HOLDER HOME SWEET HOME,OTROS_VARIOS
23426,METAL SIGN DROP YOUR PANTS,OTROS_VARIOS
23412,HEART MIRROR ANTIQUE WHITE,OTROS_VARIOS
23392,SPACEBOY ROCKET LOLLY MAKERS,OTROS_VARIOS
23400,SHELF WITH 4 HOOKS HOME SWEET HOME,OTROS_VARIOS
23614,SET 10 CARDS 12 DAYS WRAP  17058,PAPELERIA_EMPAQUE
23637,SET 10 CARDS OUT OF ORDER 17216,PAPELERIA_EMPAQUE
23415,HOME SWEET HOME HOOK,OTROS_VARIOS
23417,BATHROOM HOOK,OTROS_VARIOS
23413,VINTAGE COFFEE GRINDER BOX,PAPELERIA_EMPAQUE
23409,PHOTO FRAME LINEN AND LACE LARGE,OTROS_VARIOS
23640,SET 10 CARDS SCOTTIE DOG 17211,PAPELERIA_EMPAQUE
23408,PHOTO FRAME LINEN AND LACE SMALL,OTROS_VARIOS
23401,RUSTIC MIRROR WITH LACE HEART,OTROS_VARIOS
23422,PANTRY HOOK BALLOON WHISK ,OTROS_VARIOS
23613,SET 10 XMAS CARDS & BADGES 17070,NAVIDAD
23646,SET 10 CARDS JINGLE BELLS 16957,PAPELERIA_EMPAQUE
23410,CURIO CABINET LINEN AND LACE ,OTROS_VARIOS
23559,WOODLAND BUNNIES LOLLY MAKERS,OTROS_VARIOS
23423,PANTRY 3 HOOK ROLLING PIN HANGER,OTROS_VARIOS
23421,PANTRY HOOK SPATULA,OTROS_VARIOS
23435,3 RAFFIA RIBBONS VINTAGE CHRISTMAS,NAVIDAD
23418,LAVENDER TOILETTE BOTTLE,OTROS_VARIOS
23419,HOME SWEET HOME BOTTLE ,OTROS_VARIOS
23434,3 RAFFIA RIBBONS 50'S CHRISTMAS ,NAVIDAD
23391, I LOVE LONDON MINI BACKPACK,OTROS_VARIOS
23390,DOLLY GIRL MINI BACKPACK,JUGUETES_DECOR
23389,SPACEBOY MINI BACKPACK,OTROS_VARIOS
23074,EMBOSSED HEART TRINKET BOX,PAPELERIA_EMPAQUE
23388,WOODLAND MINI BACKPACK,OTROS_VARIOS
23416,CHAMBRE HOOK,OTROS_VARIOS
23611,SET 10 CARDS RED RIDING HOOD 17214,PAPELERIA_EMPAQUE
23607,SET 10 CARDS HATS & STOCKINGS 17081,PAPELERIA_EMPAQUE
23058,CHRISTMAS HANGING SNOWFLAKE,NAVIDAD
23420,PANTRY HOOK TEA STRAINER ,OTROS_VARIOS
23625,SET 6 CARDS SPARKLY REINDEER 17262,NAVIDAD
23639,SET 10 CARDS MAGICAL TREE 17086,PAPELERIA_EMPAQUE
35592T,,SIN_DESCRIPCION
23629,SET 10 CARDS DRESSING UP 17077,PAPELERIA_EMPAQUE
23630,SET 10 CARDS HANGING BAUBLES 17080,PAPELERIA_EMPAQUE
23503,PLAYING CARDS KEEP CALM & CARRY ON,PAPELERIA_EMPAQUE
23366,SET 12 COLOURING PENCILS DOILY,OTROS_VARIOS
23367,SET 12 COLOUR PENCILS SPACEBOY ,OTROS_VARIOS
23504,PLAYING CARDS JUBILEE UNION JACK,PAPELERIA_EMPAQUE
23371,SET 36 COLOUR PENCILS SPACEBOY ,OTROS_VARIOS
23506,MINI PLAYING CARDS SPACEBOY ,PAPELERIA_EMPAQUE
23502,PLAYING CARDS VINTAGE DOILEY ,PAPELERIA_EMPAQUE
23370,SET 36 COLOUR PENCILS DOILEY,OTROS_VARIOS
23493,VINTAGE DOILY TRAVEL SEWING KIT,OTROS_VARIOS
23365,SET 12 COLOUR PENCILS LOVE LONDON,OTROS_VARIOS
23369,SET 36 COLOUR PENCILS LOVE LONDON,OTROS_VARIOS
23520,EMBROIDERED RIBBON REEL RUBY ,PAPELERIA_EMPAQUE
23511,EMBROIDERED RIBBON REEL EMILY ,PAPELERIA_EMPAQUE
23517,EMBROIDERED RIBBON REEL REBECCA ,PAPELERIA_EMPAQUE
23368,SET 12 COLOUR PENCILS DOLLY GIRL ,JUGUETES_DECOR
23505,PLAYING CARDS I LOVE LONDON ,PAPELERIA_EMPAQUE
23372,SET 36 COLOUR PENCILS DOLLY GIRL,JUGUETES_DECOR
23512,EMBROIDERED RIBBON REEL ROSIE,PAPELERIA_EMPAQUE
23515,EMBROIDERED RIBBON REEL DAISY ,PAPELERIA_EMPAQUE
23514,EMBROIDERED RIBBON REEL SALLY ,PAPELERIA_EMPAQUE
23518,EMBROIDERED RIBBON REEL RACHEL ,PAPELERIA_EMPAQUE
23510,MINI PLAYING CARDS GYMKHANA,PAPELERIA_EMPAQUE
23508,MINI PLAYING CARDS DOLLY GIRL ,PAPELERIA_EMPAQUE
23509,MINI PLAYING CARDS FUN FAIR ,PAPELERIA_EMPAQUE
23507,MINI PLAYING CARDS BUFFALO BILL ,PAPELERIA_EMPAQUE
23513,EMBROIDERED RIBBON REEL SUSIE ,PAPELERIA_EMPAQUE
23624,SET 10 CARD PERFECT NATIVITY 17089,PAPELERIA_EMPAQUE
20678,LARGE BLACK DIAMANTE HAIRSLIDE,OTROS_VARIOS
23610,SET 10 CARDS CHRISTMAS ROBIN 17095,NAVIDAD
23601,SET 10 CARDS SNOWY SNOWDROPS  17100,PAPELERIA_EMPAQUE
23632,SET 10 CARDS CHEERFUL ROBIN 17065,PAPELERIA_EMPAQUE
23516,EMBROIDERED RIBBON REEL SOPHIE  ,PAPELERIA_EMPAQUE
23519,EMBROIDERED RIBBON REEL CLAIRE,PAPELERIA_EMPAQUE
23494,VINTAGE DOILY DELUXE SEWING KIT ,OTROS_VARIOS
23638,SET 10 CARDS ROBIN WATERPUMP  17096,PAPELERIA_EMPAQUE
23650,SET 10 CARDS FILIGREE BAUBLE 16961,PAPELERIA_EMPAQUE
23461,SWEETHEART BIRD HOUSE,OTROS_VARIOS
23466,TUSCAN VILLA DOVECOTE,OTROS_VARIOS
23469,CARD HOLDER LOVE BIRD SMALL,PAPELERIA_EMPAQUE
23484,HEART TRELLISTRIPLE T-LIGHT HOLDER,ILUMINACION
23471,SIX DRAWER OFFICE TIDY,OTROS_VARIOS
23644,SET 10 CARDS CHRISTMAS TREE 16955,NAVIDAD
23472, NINE DRAWER OFFICE TIDY,OTROS_VARIOS
23470,CARD HOLDER LOVE BIRD LARGE ,PAPELERIA_EMPAQUE
23524,HORSE & PONY WALL ART,OTROS_VARIOS
23535,BICYCLE SAFTEY WALL ART,OTROS_VARIOS
23534,STOP FOR TEA WALL ART,OTROS_VARIOS
23541,WALL ART CLASSIC PUDDINGS ,OTROS_VARIOS
23525,BUFFALO BILL WALL ART ,OTROS_VARIOS
23532,WALL ART WORK REST AND PLAY  ,OTROS_VARIOS
23539,WALL ART LOVES' SECRET ,OTROS_VARIOS
23522,DOG AND BALL WALL ART,OTROS_VARIOS
23526,DOG LICENCE WALL ART,OTROS_VARIOS
23533,WALL ART GARDEN HAVEN ,JARDIN
23542,70'S ALPHABET WALL ART,OTROS_VARIOS
23528,SPACEBOY WALL ART,OTROS_VARIOS
23543,KEEP CALM WALL ART ,OTROS_VARIOS
23530,WALL ART ONLY ONE PERSON ,OTROS_VARIOS
23538,WALL ART VINTAGE HEART,OTROS_VARIOS
23521,CAT AND BIRD WALL ART,OTROS_VARIOS
23523,TREASURE AHOY WALL ART,OTROS_VARIOS
23531,WALL ART BIG LOVE ,OTROS_VARIOS
23527,ANIMALS AND NATURE WALL ART,OTROS_VARIOS
23483,HANGING  BUTTERFLY T-LIGHT HOLDER,ILUMINACION
23529,DOLLY GIRL WALL ART,JUGUETES_DECOR
23536,VILLAGE SHOW WALL ART,OTROS_VARIOS
23544,WALL ART MID CENTURY MODERN ,OTROS_VARIOS
23540,WALL ART THE MAGIC FOREST ,OTROS_VARIOS
23537,I LOVE LONDON WALL ART,OTROS_VARIOS
23604,SET 10 MINI SANTA & SNOWMAN  17087,NAVIDAD
23626,SET 10 CARDS DINKY TREE 17076,PAPELERIA_EMPAQUE
23500,KEY RING BASEBALL BOOT ASSORTED ,OTROS_VARIOS
23465,TUSCAN VILLA FEEDING STATION,OTROS_VARIOS
23501,KEY RING BASEBALL BOOT UNION JACK,OTROS_VARIOS
23605,SET 10 CARDS 12 DAYS OF XMAS 17059,NAVIDAD
23619,SET 10 CARDS POINSETTIA 17093,PAPELERIA_EMPAQUE
23635,SET 10 CARDS CHRISTMAS HOLLY  17259,NAVIDAD
23612,SET 10 MINICARDS CUTE SNOWMAN 17071,PAPELERIA_EMPAQUE
23468,TUSCAN VILLA BIRD TABLE ,OTROS_VARIOS
79157V,UBO-LIGHT TRIOBASE PURPLE,ILUMINACION
23448,CREAM BUNNY EASTER EGG BASKET,OTROS_VARIOS
23447,PINK BUNNY EASTER EGG BASKET,OTROS_VARIOS
23446,BLUE BUNNY EASTER EGG BASKET,OTROS_VARIOS
23382,BOX OF 6 CHRISTMAS CAKE DECORATIONS,NAVIDAD
23660,HENRIETTA HEN MUG ,COCINA_MESA
23661,MILK MAIDS MUG ,COCINA_MESA
23564,EGG CUP MILKMAID INGRID,COCINA_MESA
23567,EGG CUP HENRIETTA HEN PINK,COCINA_MESA
23487,SWEET HEART CAKE CARRIER,COCINA_MESA
23490,T-LIGHT HOLDER HANGING LOVE BIRD,ILUMINACION
23453,OVAL  MINI PORTRAIT FRAME,OTROS_VARIOS
23452,HEART MINI PORTRAIT FRAME,OTROS_VARIOS
23451,SQUARE MINI PORTRAIT FRAME,OTROS_VARIOS
23482,PEARLISED IVORY HEART LARGE ,OTROS_VARIOS
23603,SET 10 CARD KRAFT REINDEER 17084,NAVIDAD
23459,DOLLY CABINET 2 DRAWERS ,JUGUETES_DECOR
23565,EGG CUP MILKMAID HELGA ,COCINA_MESA
23456,MEDIUM PARLOUR PICTURE FRAME ,OTROS_VARIOS
23463,VINTAGE ZINC WATERING CAN,OTROS_VARIOS
23464,VINTAGE ZINC WATERING CAN SMALL,OTROS_VARIOS
23457,LARGE PARLOUR PICTURE FRAME,OTROS_VARIOS
23455,SMALL PARLOUR PICTURE FRAME,OTROS_VARIOS
23568,EGG CUP HENRIETTA HEN CREAM ,COCINA_MESA
84661b,BLACK SQUARE TABLE CLOCK,OTROS_VARIOS
23566,EGG CUP MILKMAID HEIDI,COCINA_MESA
23467,VINTAGE ZINC PLANTER  ,OTROS_VARIOS
23479,WIRE EGG BASKET ,OTROS_VARIOS
23481,PEARLISED IVORY HEART SMALL ,OTROS_VARIOS
23458,DOLLY CABINET 3 DRAWERS ,JUGUETES_DECOR
23579,SNACK TRAY I LOVE LONDON,OTROS_VARIOS
23702,,SIN_DESCRIPCION
23558,LANDMARK FRAME LONDON BRIDGE ,OTROS_VARIOS
23556,LANDMARK FRAME COVENT GARDEN ,JARDIN
23554,LANDMARK FRAME OXFORD STREET,OTROS_VARIOS
23557,LANDMARK FRAME BAKER STREET ,OTROS_VARIOS
23555,LANDMARK FRAME NOTTING HILL ,PAPELERIA_EMPAQUE
23480,MINI LIGHTS WOODLAND MUSHROOMS,ILUMINACION
23553,LANDMARK FRAME CAMDEN TOWN ,OTROS_VARIOS
23489,"GARLAND, VINTAGE BELLS",OTROS_VARIOS
23491,VINTAGE JINGLE BELLS HEART,OTROS_VARIOS
23492,VINTAGE JINGLE BELLS WREATH,OTROS_VARIOS
23477,WOODLAND LARGE BLUE FELT HEART,OTROS_VARIOS
23478,WOODLAND LARGE PINK FELT HEART,OTROS_VARIOS
23476,WOODLAND LARGE RED FELT HEART,OTROS_VARIOS
23486,ANTIQUE HEART SHELF UNIT,OTROS_VARIOS
23473,WOODLAND SMALL RED FELT HEART,OTROS_VARIOS
23460,SWEETHEART WALL TIDY ,OTROS_VARIOS
23462,ROCOCO WALL MIRROR WHITE,OTROS_VARIOS
23499,SET 12 VINTAGE DOILY CHALK ,OTROS_VARIOS
23485,BOTANICAL GARDENS WALL CLOCK ,JARDIN
23570,TRADITIONAL PICK UP STICKS GAME ,JUGUETES_DECOR
23454,SET OF 3 MINI HANGING PORTRAITS,OTROS_VARIOS
23571,TRADITIONAL NAUGHTS & CROSSES,OTROS_VARIOS
23569,TRADTIONAL ALPHABET STAMP SET,OTROS_VARIOS
23305,SET 4 PICNIC CUTLERY BLUEBERRY,OTROS_VARIOS
23474,WOODLAND SMALL BLUE FELT HEART,OTROS_VARIOS
23636,SET 10 CARDS WISHING TREE 17116,PAPELERIA_EMPAQUE
23582,VINTAGE DOILY JUMBO BAG RED ,PAPELERIA_EMPAQUE
23583,LUNCH BAG PAISLEY PARK  ,PAPELERIA_EMPAQUE
23581,JUMBO BAG PAISLEY PARK,PAPELERIA_EMPAQUE
23595,adjustment,OTROS_VARIOS
23303,SET 4 PICNIC CUTLERY FONDANT,OTROS_VARIOS
23475,WOODLAND SMALL PINK FELT HEART,OTROS_VARIOS
23615,SET 10 CARDS PRINTED GRAPHIC 17219,PAPELERIA_EMPAQUE
23645,SET 10 CHRISTMAS CARDS HOHOHO 16956,NAVIDAD
23654,SET 10 CARD SNOWMAN 16965,PAPELERIA_EMPAQUE
35600A,Found by jackie,OTROS_VARIOS
23497,CLASSIC CHROME BICYCLE BELL ,OTROS_VARIOS
23304,SET 4 PICNIC CUTLERY CHERRY ,OTROS_VARIOS
23495,SET OF 3 PANTRY WOODEN SPOONS,OTROS_VARIOS
23496,PANTRY KITCHEN THERMOMETER ,COCINA_MESA
23628,SET 10 CARDS TRIANGLE ICONS  17220,PAPELERIA_EMPAQUE
23633,SET 10 CARDS WORLD CHILDREN 17067,PAPELERIA_EMPAQUE
23643,SET 10 CARDS CHRISTMAS BAUBLE 16954,NAVIDAD
46776a,WOVEN BUBBLE GUM CUSHION COVER,TEXTIL_HOGAR
46776b,WOVEN BERRIES CUSHION COVER ,TEXTIL_HOGAR
46776e,WOVEN CANDY CUSHION COVER ,TEXTIL_HOGAR
46776f,WOVEN ROSE GARDEN CUSHION COVER ,JARDIN
47593b,SCOTTIE DOGS BABY BIB,OTROS_VARIOS
51014c,"FEATHER PEN,COAL BLACK",OTROS_VARIOS
84031a,CHARLIE+LOLA RED HOT WATER BOTTLE ,OTROS_VARIOS
84031b,CHARLIE LOLA BLUE HOT WATER BOTTLE ,OTROS_VARIOS
90183c,BLACK DROP EARRINGS W LONG BEADS,OTROS_VARIOS
90184c,BLACK CHUNKY BEAD BRACELET W STRAP,OTROS_VARIOS
23691,KEEP CALM BIRTHDAY WRAP,PAPELERIA_EMPAQUE
23608,SET 10 CARDS RUDOLPHS NOSE 17097,PAPELERIA_EMPAQUE
23681,LUNCH BAG RED VINTAGE DOILY,PAPELERIA_EMPAQUE
23692,WRAP A PRETTY THANK YOU,PAPELERIA_EMPAQUE
23695,DOILY THANK YOU CARD,PAPELERIA_EMPAQUE
23697,A PRETTY THANK YOU CARD,PAPELERIA_EMPAQUE
23616,SET 10 CARDS JINGLE BELLS 17217,PAPELERIA_EMPAQUE
23598,PAPER BUNTING VINTAGE PARTY,PAPELERIA_EMPAQUE
23597,PAPER BUNTING PAISLEY PARK,PAPELERIA_EMPAQUE
23621,SET 10 CARDS DAVID'S MADONNA 17074,PAPELERIA_EMPAQUE
23627,SET 10 CARDS XMAS GRAPHIC  17218,NAVIDAD
23602,SET 10 CARDS 3 WISE MEN 17107,PAPELERIA_EMPAQUE
23664,FLOWER SHOP DESIGN MUG,COCINA_MESA
23694,PAISLEY PARK CARD,PAPELERIA_EMPAQUE
23649,SET 10 CARDS DECK THE HALLS 16960,PAPELERIA_EMPAQUE
23442,12 HANGING EGGS HAND PAINTED,OTROS_VARIOS
23449,SET OF 6 EASTER RAINBOW CHICKS,OTROS_VARIOS
23428,IVORY RETRO KITCHEN WALL CLOCK,COCINA_MESA
23652,SET 10 CARD CHRISTMAS STAMPS 16963,NAVIDAD
23430,BLUE RETRO KITCHEN WALL CLOCK,COCINA_MESA
23429,RED RETRO KITCHEN WALL CLOCK,COCINA_MESA
23441,HAND PAINTED HANGING EASTER EGG,OTROS_VARIOS
72802c,VANILLA SCENT CANDLE JEWELLED BOX,ILUMINACION
85049c,ROMANTIC PINKS RIBBONS ,PAPELERIA_EMPAQUE
23440,PAINT YOUR OWN EGGS IN CRATE,OTROS_VARIOS
23552,BICYCLE PUNCTURE REPAIR KIT ,OTROS_VARIOS
23498,CLASSIC BICYCLE CLIPS ,OTROS_VARIOS
84971l,LARGE HEART FLOWERS HOOK   ,OTROS_VARIOS
85034b,3 WHITE CHOC MORRIS BOXED CANDLES,ILUMINACION
23578,SNACK TRAY RED GINGHAM,OTROS_VARIOS
23580,SNACK TRAY HAPPY FOREST  ,OTROS_VARIOS
23575,SNACK TRAY PAISLEY PARK,OTROS_VARIOS
23560,SET OF 6 RIBBONS COUNTRY STYLE,PAPELERIA_EMPAQUE
23576,SNACK TRAY RED VINTAGE DOILY,OTROS_VARIOS
23562,SET OF 6 RIBBONS PERFECTLY PRETTY  ,PAPELERIA_EMPAQUE
23561,SET OF 6 RIBBONS PARTY,PAPELERIA_EMPAQUE
23609,SET 10 CARDS SNOWY ROBIN 17099,PAPELERIA_EMPAQUE
23617,SET 10 CARDS SWIRLY XMAS TREE 17104,NAVIDAD
23843,"PAPER CRAFT , LITTLE BIRDIE",PAPELERIA_EMPAQUE
